FID,FID_,OBSERVER,YEAR,SITE_NAME,DATE,WEED,BIOCONTROL,HeightTall,NumStems,Insects,TargetWeed,OtherWeed,Forbs,Grass,BareGround,Litter,Moss,PictureURL,Soil_Type,Slope,Mean_Air_T,Elevation,longitude,latitude 
0,0,RANDALL,2015,PORT HILL,5/19/15,DALMATIAN TOADFLAX,MECINUS JANTHINIFORMIS,36,2,134,2.5,14.5,4.5,0,28.5,29,21,,Complex,20,7,853,-116.4903365,48.98928693
1,1,MILAN,2012,TEN AX,6/7/12,DALMATIAN TOADFLAX,MECINUS JANTHINIFORMIS,0,0,0,0,0,12.5,27,9,48.5,3,https://gisdata.eddmaps.org:6443/arcgis/rest/services/simp/simp2019/MapServer/0/2793/attachments/2121,Consociation,0,0,0,-115.3923436,44.11472703
2,2,WINSTON,2010,WHITEBIRD,6/6/10,DALMATIAN TOADFLAX,MECINUS JANTHINIFORMIS,0,0,97,0,32,0.5,0,1.5,32.5,33.5,,Complex,65,11,747,-116.301658,45.766548
3,3,"MILAN, OWENS",2009,COVE RANCH,5/20/09,DALMATIAN TOADFLAX,MECINUS JANTHINIFORMIS,52,9,0,7,10,3,1.5,64,14.5,0,,Complex,45,5,1959,-114.1583343,43.41973463
4,4,MILAN,2014,COVE RANCH,6/8/14,DALMATIAN TOADFLAX,MECINUS JANTHINIFORMIS,45,5,9,8.5,16,0,0.5,39,30.5,5.5,https://gisdata.eddmaps.org:6443/arcgis/rest/services/simp/simp2019/MapServer/0/2806/attachments/2498,Complex,45,5,1959,-114.1583347,43.41972564
5,5,KIMR,2017,CARIBOU,5/23/17,DALMATIAN TOADFLAX,MECINUS JANTHINIFORMIS,10,2,48,1,60,7,3.5,6,21.5,1,https://gisdata.eddmaps.org:6443/arcgis/rest/services/simp/simp2019/MapServer/0/2824/attachments/2110,Consociation,0,0,0,-111.9362538,42.74334488
6,6,BLAINE SIBC,2012,SLAUGHTERHOUSE DT,6/13/12,DALMATIAN TOADFLAX,MECINUS JANTHINIFORMIS,41,4,37,8,7.5,15.5,17,24,25,0,https://gisdata.eddmaps.org:6443/arcgis/rest/services/simp/simp2019/MapServer/0/2848/attachments/2255,Complex,45,5,1917,-114.2464002,43.47457635
7,7,RANDALL,2015,FARRAGUT STATE PARK DT,5/19/15,DALMATIAN TOADFLAX,MECINUS JANTHINIFORMIS,10,2,70,2.5,11,3,7.5,1,32.5,43,,Consociation,10,7,702,-116.6003839,47.96100165
8,8,KIMR,2017,BALDY PALISADES,5/24/17,DALMATIAN TOADFLAX,MECINUS JANTHINIFORMIS,0,0,25,0,8.5,36,8.5,19.5,27.5,0,https://gisdata.eddmaps.org:6443/arcgis/rest/services/simp/simp2019/MapServer/0/2890/attachments/2094,Complex,25,4,1905,-111.2180043,43.40365748
9,9,WINSTON,2009,SALMON RIVER MOTEL,6/5/09,DALMATIAN TOADFLAX,MECINUS JANTHINIFORMIS,89,2,1,6.5,43.5,1,0,16,26.5,6.5,,Consociation,5,12,374,-116.3221235,45.4154119
10,10,WINSTON,2011,SQUAW CREEK 01,6/2/11,DALMATIAN TOADFLAX,MECINUS JANTHINIFORMIS,14,0,49,1.5,30,14.5,0,8,46,0,,Consociation,2,9,404,-116.3456631,45.40840699
11,11,BRUSVEN,2012,MOYIE STORE,6/6/12,DALMATIAN TOADFLAX,MECINUS JANTHINIFORMIS,25,0,77,2,24.5,1,5.5,22,41,4,,Consociation,4,7,701,-116.18269,48.73183012
12,12,MILAN,2016,LAKE CREEK DT,6/6/16,DALMATIAN TOADFLAX,MECINUS JANTHINIFORMIS,44,6,40,4.5,0,50,3.5,33.5,8.5,0,https://gisdata.eddmaps.org:6443/arcgis/rest/services/simp/simp2019/MapServer/0/2944/attachments/2707,Consociation,0,0,0,-114.3431181,43.7600982
13,13,RANDALL,2016,PORT HILL,5/25/16,DALMATIAN TOADFLAX,MECINUS JANTHINIFORMIS,0,0,116,0,9,4,2,30,39.5,15.5,,Complex,20,7,853,-116.4903422,48.98928821
14,14,"BRUSVEN, LAWRENCE",2014,COLD SPRINGS,5/18/14,DALMATIAN TOADFLAX,MECINUS JANTHINIFORMIS,0,0,21,0,13.5,9,18,14,22.5,23,,Complex,18,9,991,-116.5347219,46.27138377
15,15,WINSTON,2012,LITTLE SALMON RIVER 01,6/2/12,DALMATIAN TOADFLAX,MECINUS JANTHINIFORMIS,19,1,6,2.5,18,19.5,3.5,7,24,25.5,,Consociation,22,10,732,-116.3559199,45.37208279
16,16,BLAINE BUG CREW,2017,LOGAN'S LANE,6/22/17,DALMATIAN TOADFLAX,MECINUS JANTHINIFORMIS,71,3,8,7.5,14,0,8.5,43.5,26.5,0,https://gisdata.eddmaps.org:6443/arcgis/rest/services/simp/simp2019/MapServer/0/2987/attachments/2199,Consociation,1,6,1662,-114.2552103,43.3827244
17,17,HARMON/SCHILLER,2013,LITTLE SALMON RIVER 02,7/16/13,DALMATIAN TOADFLAX,MECINUS JANTHINIFORMIS,0,0,0,0,71,2.5,0,23,3.5,0,,Consociation,22,10,732,-116.3371737,45.39461226
18,18,RANDALL,2013,HAYDEN,6/2/13,DALMATIAN TOADFLAX,MECINUS JANTHINIFORMIS,18,1,25,1.5,26.5,7,9,2,23.5,32,,Consociation,4,9,640,-116.9770353,47.75976573
19,19,WINSTON,2009,BLACKHAWK BAR,6/6/09,DALMATIAN TOADFLAX,MECINUS JANTHINIFORMIS,121,4,2,18,33,3.5,9,0.5,36,0,,Complex,65,10,694,-116.2973,45.624217
20,20,MILAN,2013,BIG WOOD,5/20/13,DALMATIAN TOADFLAX,MECINUS JANTHINIFORMIS,39,4,19,4.5,5,4.5,1.5,10,73.5,0,,Consociation,0,0,0,-114.2611613,43.46146615
21,21,WINSTON,2009,CENTER CANYON 01,6/6/09,DALMATIAN TOADFLAX,MECINUS JANTHINIFORMIS,120,7,2,20,19,4.5,0,39,17,0.5,,Complex,65,7,991,-116.3867879,45.88104303
23,23,EVANS,2016,PINE CREEK,6/2/16,DALMATIAN TOADFLAX,MECINUS JANTHINIFORMIS,48,0,58,1.5,4.5,11.5,14,26.5,35.5,6.5,,Consociation,50,8,985,-116.2253978,47.49791505
24,24,EVANS,2013,PINE CREEK,6/17/13,DALMATIAN TOADFLAX,MECINUS JANTHINIFORMIS,7,0,23,0.5,0.5,15,23,24,37,0,,Consociation,50,8,985,-116.2257045,47.49791918
25,25,"MILAN, OWENS",2010,COVE RANCH,6/8/10,DALMATIAN TOADFLAX,MECINUS JANTHINIFORMIS,68,12,15,9,8,2.5,1,63.5,14.5,0,,Complex,45,5,1959,-114.1582032,43.4198118
26,26,RANDALL,2007,HAYDEN,6/8/07,DALMATIAN TOADFLAX,MECINUS JANTHINIFORMIS,89,2,0,7.5,17,1.5,11,16.5,46.5,0,,Consociation,4,9,640,-116.9770288,47.75976383
27,27,"RANDALL, EVANS",2007,PINE CREEK,6/19/07,DALMATIAN TOADFLAX,MECINUS JANTHINIFORMIS,58,2,12,5,4.5,12.5,7.5,47.5,23,0,,Consociation,50,8,985,-116.225397,47.49791578
28,28,WINSTON,2010,IDAHO BORDER,6/8/10,DALMATIAN TOADFLAX,MECINUS JANTHINIFORMIS,92,3,138,9,6,0.5,20,15.5,27.5,21.5,,Complex,2,11,296,-117.036471,46.43032
30,30,"STRAWN, GANG",2009,HELISPOT,6/2/09,DALMATIAN TOADFLAX,MECINUS JANTHINIFORMIS,25,1,26,1,2.5,9.5,7,67,13,0,,Consociation,0,0,0,-115.5865363,44.07328775
31,31,MILAN,2008,CARIBOU,6/15/08,DALMATIAN TOADFLAX,MECINUS JANTHINIFORMIS,78,17,2,16.5,3.5,11,7,18,45,0,,Consociation,0,0,0,-111.9362356,42.74338048
33,33,BLAINE SIBC,2014,BIG WOOD,5/28/14,DALMATIAN TOADFLAX,MECINUS JANTHINIFORMIS,59,1,19,3,0,0.5,29,6.5,60.5,0,,Consociation,0,0,0,-114.2612938,43.46154136
34,34,BLAINE SIBC,2010,SLAUGHTERHOUSE DT,6/13/10,DALMATIAN TOADFLAX,MECINUS JANTHINIFORMIS,58,2,16,15,9,17,22.5,21.5,15,0,,Complex,45,5,1917,-114.2463837,43.47469824
35,35,BLAINE SIBC,2014,SLAUGHTERHOUSE DT,5/28/14,DALMATIAN TOADFLAX,MECINUS JANTHINIFORMIS,42,3,25,4.5,5,10,34.5,23.5,20.5,0,https://gisdata.eddmaps.org:6443/arcgis/rest/services/simp/simp2019/MapServer/0/3116/attachments/2755,Complex,45,5,1917,-114.2464478,43.4746182
37,37,"BRUSVEN, NPBC",2016,IDAHO BORDER,6/5/16,DALMATIAN TOADFLAX,MECINUS JANTHINIFORMIS,0,0,32,0,23,0,3.5,24.5,18.5,29.5,,Complex,2,11,296,-117.0364702,46.43031596
38,38,CAROL RANDALL,2017,FARRAGUT STATE PARK DT,6/2/17,DALMATIAN TOADFLAX,MECINUS JANTHINIFORMIS,18,0,0,2,12.5,5.5,10,3,16.5,50.5,https://gisdata.eddmaps.org:6443/arcgis/rest/services/simp/simp2019/MapServer/0/3139/attachments/1950,Consociation,10,7,702,-116.6004363,47.96103382
39,39,WINSTON,2011,STEELHEAD INN,6/2/11,DALMATIAN TOADFLAX,MECINUS JANTHINIFORMIS,51,1,147,4.5,35.5,11.5,3,24,17,4.5,,Consociation,5,10,397,-116.270917,45.599833
40,40,"MILAN, NELSON",2013,LAKE CREEK DT,6/17/13,DALMATIAN TOADFLAX,MECINUS JANTHINIFORMIS,48,6,46,6,0,37.5,4,32.5,19,0,https://gisdata.eddmaps.org:6443/arcgis/rest/services/simp/simp2019/MapServer/0/3142/attachments/2416,Consociation,0,0,0,-114.3431173,43.76011619
41,41,"MILAN, SOMMERS",2008,BALDY PALISADES,6/9/08,DALMATIAN TOADFLAX,MECINUS JANTHINIFORMIS,29,9,5,9.5,5,25.5,4.5,26,27,2.5,,Complex,25,4,1905,-111.217955,43.40383189
42,42,RAGATOZKIE,2014,BALDY PALISADES,6/5/14,DALMATIAN TOADFLAX,MECINUS JANTHINIFORMIS,0,0,11,0,11.5,39.5,8.5,20.5,20,0,https://gisdata.eddmaps.org:6443/arcgis/rest/services/simp/simp2019/MapServer/0/3155/attachments/2748,Complex,25,4,1905,-111.2179811,43.40373393
43,43,WINSTON,2012,SQUAW CREEK 01,6/2/12,DALMATIAN TOADFLAX,MECINUS JANTHINIFORMIS,14,0,49,1.5,30,14.5,0,8,46,0,,Consociation,2,9,404,-116.3456631,45.40840699
44,44,"MILAN, ATCHISON",2007,WILDHORSE END,6/18/07,DALMATIAN TOADFLAX,MECINUS JANTHINIFORMIS,50,3,1,5,0.5,0,0,86.5,8,0,,Consociation,0,0,0,-116.8106223,44.8639312
45,45,WINSTON,2011,LITTLE SALMON RIVER 02,6/7/11,DALMATIAN TOADFLAX,MECINUS JANTHINIFORMIS,5,0,35,0.5,41,6,0,17,22.5,13,,Consociation,22,10,732,-116.3371737,45.39461226
46,46,BROWN,2008,IDAHO BORDER,5/21/08,DALMATIAN TOADFLAX,MECINUS JANTHINIFORMIS,77,2,3,6,27.5,0,8,39.5,10.5,8.5,,Complex,2,11,296,-117.0364706,46.43031996
48,48,"MILAN, REKOW",2007,DOTY,5/21/07,DALMATIAN TOADFLAX,MECINUS JANTHINIFORMIS,30,2,4,3.5,26.5,1.5,6,51.5,11,0,,Consociation,0,0,0,-115.5578215,44.07700851
49,49,MILAN,2009,CUPRUM DT,6/29/09,DALMATIAN TOADFLAX,MECINUS JANTHINIFORMIS,39,5,10,7.5,3.5,27,4.5,33.5,24.5,0,,Consociation,0,0,0,-116.7438106,45.0701307
50,50,CAROL RANDALL,2018,PORT HILL,5/24/18,DALMATIAN TOADFLAX,MECINUS JANTHINIFORMIS,12,0,117,0.5,7.5,6,0,43,24,19,https://gisdata.eddmaps.org:6443/arcgis/rest/services/simp/simp2019/MapServer/0/3290/attachments/1155,Complex,20,7,853,-116.4903467,48.98934682
51,51,KIMR,2018,CARIBOU,6/2/18,DALMATIAN TOADFLAX,MECINUS JANTHINIFORMIS,61,3,54,6,51.5,4.5,10.5,7,20.5,0,https://gisdata.eddmaps.org:6443/arcgis/rest/services/simp/simp2019/MapServer/0/3296/attachments/1162,Consociation,0,0,0,-111.9363094,42.74344425
52,52,KIMR,2018,BALDY PALISADES,6/4/18,DALMATIAN TOADFLAX,MECINUS JANTHINIFORMIS,0,0,68,0,10,53,9,12,16,0,https://gisdata.eddmaps.org:6443/arcgis/rest/services/simp/simp2019/MapServer/0/3297/attachments/1163,Complex,25,4,1905,-111.2178501,43.40385544
53,53,CAROL RANDALL,2018,IDAHO HILL TRANSFER,5/23/18,DALMATIAN TOADFLAX,MECINUS JANTHINIFORMIS,22,0,115,0.5,16.5,8,1,18.5,19.5,36,https://gisdata.eddmaps.org:6443/arcgis/rest/services/simp/simp2019/MapServer/0/3299/attachments/1185,Consociation,2,7,762,-117.03878,48.15478
54,54,CAROL RANDALL,2018,HAYDEN,5/23/18,DALMATIAN TOADFLAX,MECINUS JANTHINIFORMIS,14,0,109,0.5,20.5,7,1.5,13.5,19,38,https://gisdata.eddmaps.org:6443/arcgis/rest/services/simp/simp2019/MapServer/0/3300/attachments/1184,Consociation,4,9,640,-116.97703,47.75977
55,55,CAROL RANDALL,2018,FARRAGUT STATE PARK DT,5/25/18,DALMATIAN TOADFLAX,MECINUS JANTHINIFORMIS,0,0,15,0,9.5,5,8.5,5,20,52,https://gisdata.eddmaps.org:6443/arcgis/rest/services/simp/simp2019/MapServer/0/3301/attachments/1186,Consociation,10,7,702,-116.60038,47.961
56,56,CAROL RANDALL,2018,MOYIE STORE,5/24/18,DALMATIAN TOADFLAX,MECINUS JANTHINIFORMIS,0,0,138,0,9,5.5,6,20,47,12.5,https://gisdata.eddmaps.org:6443/arcgis/rest/services/simp/simp2019/MapServer/0/3302/attachments/1187,Consociation,4,7,701,-116.18269,48.7318
60,60,DOUG EVANS,2018,PINE CREEK,6/5/18,DALMATIAN TOADFLAX,MECINUS JANTHINIFORMIS,40,2,66,3,0,19,26,13.5,30,8.5,https://gisdata.eddmaps.org:6443/arcgis/rest/services/simp/simp2019/MapServer/0/3307/attachments/1167,Consociation,50,8,985,-116.2257117,47.49814387
64,64,MILAN,2018,TEN AX,6/7/18,DALMATIAN TOADFLAX,MECINUS JANTHINIFORMIS,0,0,0,0,0,8.5,10,9.5,68,4,https://gisdata.eddmaps.org:6443/arcgis/rest/services/simp/simp2019/MapServer/0/3320/attachments/1192,Consociation,0,0,0,-115.3919806,44.11436099
65,65,MILAN,2018,DOTY,6/7/18,DALMATIAN TOADFLAX,MECINUS JANTHINIFORMIS,9,0,4,0.5,24.5,6,4.5,41.5,22,1,https://gisdata.eddmaps.org:6443/arcgis/rest/services/simp/simp2019/MapServer/0/3321/attachments/1194,Consociation,0,0,0,-115.5578996,44.07703268
66,66,MILAN,2018,HUCKLEBERRY,6/7/18,DALMATIAN TOADFLAX,MECINUS JANTHINIFORMIS,0,0,26,0.5,7,24.5,4,22.5,35.5,6,https://gisdata.eddmaps.org:6443/arcgis/rest/services/simp/simp2019/MapServer/0/3322/attachments/1195,Consociation,0,0,0,-115.5682034,44.07292044
67,67,MILAN,2018,HELISPOT,6/7/18,DALMATIAN TOADFLAX,MECINUS JANTHINIFORMIS,48,1,9,1,4,31.5,6,19.5,37.5,0.5,https://gisdata.eddmaps.org:6443/arcgis/rest/services/simp/simp2019/MapServer/0/3323/attachments/1196,Consociation,3,10,853,-116.0987383,43.55743721
69,69,MILAN,2018,LAKE CREEK DT,6/11/18,DALMATIAN TOADFLAX,MECINUS JANTHINIFORMIS,33,2,9,3.5,0,45,2,38.5,11,0,https://gisdata.eddmaps.org:6443/arcgis/rest/services/simp/simp2019/MapServer/0/3328/attachments/1202,Consociation,0,0,0,-114.3430816,43.7601452
71,71,MILAN,2018,COVE RANCH,6/11/18,DALMATIAN TOADFLAX,MECINUS JANTHINIFORMIS,18,0,0,0.5,16,4,1.5,63,15,0,https://gisdata.eddmaps.org:6443/arcgis/rest/services/simp/simp2019/MapServer/0/3354/attachments/1246,Consociation,3,7,1646,-114.186896,43.38880369
72,72,BBC,2018,STANTON CROSSING,6/19/18,DALMATIAN TOADFLAX,MECINUS JANTHINIFORMIS,15,0,1,1,13,4.5,2,53.5,26,0,https://gisdata.eddmaps.org:6443/arcgis/rest/services/simp/simp2019/MapServer/0/3365/attachments/1266,Complex,1,6,1722,-114.317765,43.32977696
73,73,BBC,2018,RICK BROWN,6/19/18,DALMATIAN TOADFLAX,MECINUS JANTHINIFORMIS,38,0,39,1,2,2,0,24.5,70.5,0,https://gisdata.eddmaps.org:6443/arcgis/rest/services/simp/simp2019/MapServer/0/3366/attachments/1267,Complex,1,6,1631,-114.2801864,43.39615564
74,74,BBC,2018,SLAUGHTERHOUSE DT,6/19/18,DALMATIAN TOADFLAX,MECINUS JANTHINIFORMIS,0,0,6,0,7,20,7,22,44,0,https://gisdata.eddmaps.org:6443/arcgis/rest/services/simp/simp2019/MapServer/0/3368/attachments/1271,Complex,45,5,1917,-114.2464351,43.47461315
75,75,BBC,2018,BIG WOOD,6/19/18,DALMATIAN TOADFLAX,MECINUS JANTHINIFORMIS,24,1,6,1,12,4,6,22,55,0,https://gisdata.eddmaps.org:6443/arcgis/rest/services/simp/simp2019/MapServer/0/3370/attachments/1276,Consociation,0,0,0,-114.261228,43.46157916
76,76,BBC,2018,LOGAN'S LANE,6/20/18,DALMATIAN TOADFLAX,MECINUS JANTHINIFORMIS,75,3,11,11,7.5,0,16,18.5,47,0,https://gisdata.eddmaps.org:6443/arcgis/rest/services/simp/simp2019/MapServer/0/3387/attachments/1303,Consociation,1,6,1662,-114.2553185,43.38271174
77,77,BBC,2018,FRIEDMAN LANE,6/20/18,DALMATIAN TOADFLAX,MECINUS JANTHINIFORMIS,52,4,4,8.5,6.5,0,17,18.5,49,0.5,https://gisdata.eddmaps.org:6443/arcgis/rest/services/simp/simp2019/MapServer/0/3388/attachments/1305,Consociation,1,6,1662,-114.2476462,43.37959485
78,78,MILAN,2018,CUPRUM DT,6/18/18,DALMATIAN TOADFLAX,MECINUS JANTHINIFORMIS,0,0,1,0,5,15.5,21.5,33.5,23.5,1,https://gisdata.eddmaps.org:6443/arcgis/rest/services/simp/simp2019/MapServer/0/3509/attachments/1520,Consociation,0,0,0,-116.7438782,45.07011948
80,80,BRUSVEN,2018,IDAHO BORDER,5/23/18,DALMATIAN TOADFLAX,MECINUS JANTHINIFORMIS,20,0,154,3,31,0.5,2,21.5,27,15,,Complex,2,11,296,-117.03647,46.43032
81,81,BRUSVEN,2018,WHITEBIRD,5/21/18,DALMATIAN TOADFLAX,MECINUS JANTHINIFORMIS,0,0,112,0,15.5,3,0.5,11,27,43,,Complex,65,11,747,-116.30166,45.76655
82,82,BRUSVEN,2018,RICE CREEK DT,5/22/18,DALMATIAN TOADFLAX,MECINUS JANTHINIFORMIS,0,0,0,0,23.5,3.5,14,19.5,32.5,7,,Complex,65,10,1128,-116.42131,45.89099
83,83,KASH KASH,2018,COLD SPRINGS,5/25/18,DALMATIAN TOADFLAX,MECINUS JANTHINIFORMIS,0,0,54,0,16,9,17.5,12,40.5,5,,Complex,18,9,991,-116.53472,46.27138
88,88,CAROL RANDALL,2019,PORT HILL,5/31/19,DALMATIAN TOADFLAX,MECINUS JANTHINIFORMIS,10,0,72,1,8,5.5,5.5,29,30.5,20.5,https://gisdata.eddmaps.org:6443/arcgis/rest/services/simp/simp2019/MapServer/0/2077487/attachments/8478,Complex,20,7,853,-116.4903997,48.98933274
89,89,KIMR,2019,CARIBOU,6/3/19,DALMATIAN TOADFLAX,MECINUS JANTHINIFORMIS,41,5,64,9,16,7,12.5,7.5,47.5,0.5,https://gisdata.eddmaps.org:6443/arcgis/rest/services/simp/simp2019/MapServer/0/2077886/attachments/8875,Consociation,0,0,0,-111.9388583,42.7512016
91,91,MILAN,2019,TEN AX,6/4/19,DALMATIAN TOADFLAX,MECINUS JANTHINIFORMIS,0,0,0,0,0,6.5,10,10,68.5,5,https://gisdata.eddmaps.org:6443/arcgis/rest/services/simp/simp2019/MapServer/0/2078286/attachments/9274,Consociation,0,0,0,-115.3924026,44.1146953
92,92,MILAN,2019,DOTY,6/4/19,DALMATIAN TOADFLAX,MECINUS JANTHINIFORMIS,0,0,8,0,25.5,5.5,1.5,30.5,35.5,1.5,https://gisdata.eddmaps.org:6443/arcgis/rest/services/simp/simp2019/MapServer/0/2078287/attachments/9275,Consociation,0,0,0,-115.5577912,44.07700854
93,93,MILAN,2019,HUCKLEBERRY,6/4/19,DALMATIAN TOADFLAX,MECINUS JANTHINIFORMIS,0,0,0,0.5,5.5,13.5,5,25,46,4.5,https://gisdata.eddmaps.org:6443/arcgis/rest/services/simp/simp2019/MapServer/0/2078288/attachments/9276,Consociation,0,0,0,-115.5681688,44.07294085
94,94,MILAN,2019,HELISPOT,6/4/19,DALMATIAN TOADFLAX,MECINUS JANTHINIFORMIS,30,0,6,0.5,3.5,24,8,20.5,43,0.5,https://gisdata.eddmaps.org:6443/arcgis/rest/services/simp/simp2019/MapServer/0/2078289/attachments/9277,Consociation,0,0,0,-115.5865119,44.07332
96,96,MILAN,2019,CUPRUM DT,6/5/19,DALMATIAN TOADFLAX,MECINUS JANTHINIFORMIS,0,0,1,0,4.5,22,6.5,38.5,28.5,0,https://gisdata.eddmaps.org:6443/arcgis/rest/services/simp/simp2019/MapServer/0/2080301/attachments/10478,Consociation,0,0,0,-116.7438201,45.06996404
97,97,BBC,2019,STANTON CROSSING,6/13/19,DALMATIAN TOADFLAX,MECINUS JANTHINIFORMIS,0,0,4,0,6,3,16,51.5,23.5,0,https://gisdata.eddmaps.org:6443/arcgis/rest/services/simp/simp2019/MapServer/0/2080701/attachments/10879,Complex,1,6,1722,-114.3176673,43.32974386
101,101,CAROL RANDALL,2019,MOYIE STORE,5/31/19,DALMATIAN TOADFLAX,MECINUS JANTHINIFORMIS,0,0,86,0,4,6.5,9,28.5,43.5,8.5,https://gisdata.eddmaps.org:6443/arcgis/rest/services/simp/simp2019/MapServer/0/2080707/attachments/10887,Consociation,4,7,701,-116.1827337,48.73181888
102,102,CAROL RANDALL,2019,IDAHO HILL TRANSFER,6/13/19,DALMATIAN TOADFLAX,MECINUS JANTHINIFORMIS,16,0,72,1,15,6.5,1,9,24.5,43,https://gisdata.eddmaps.org:6443/arcgis/rest/services/simp/simp2019/MapServer/0/2080708/attachments/10888,Consociation,2,7,762,-117.0390234,48.15474459
104,104,MILAN,2019,LAKE CREEK,6/19/19,DALMATIAN TOADFLAX,MECINUS JANTHINIFORMIS,34,1,0,1,0,40,4.5,47,7.5,0,https://gisdata.eddmaps.org:6443/arcgis/rest/services/simp/simp2019/MapServer/0/2082708/attachments/12886,Consociation,0,0,0,-114.3431735,43.76003279
105,105,MILAN,2019,COVE RANCH,6/19/19,DALMATIAN TOADFLAX,MECINUS JANTHINIFORMIS,0,0,1,0,14.5,4,1,41,39.5,0,https://gisdata.eddmaps.org:6443/arcgis/rest/services/simp/simp2019/MapServer/0/2082709/attachments/12887,Complex,45,5,1959,-114.1584053,43.41984202
106,106,BBC,2019,LOGAN'S LANE,6/21/19,DALMATIAN TOADFLAX,MECINUS JANTHINIFORMIS,41,2,3,4,9,0,26.5,10,50.5,0,https://gisdata.eddmaps.org:6443/arcgis/rest/services/simp/simp2019/MapServer/0/2083505/attachments/13681,Consociation,1,6,1662,-114.255857,43.38277314
130,130,DANLY,2009,PINE BAR,6/2/09,DALMATIAN TOADFLAX,MECINUS JANTHINIFORMIS,122,3,0,5,35.5,22,2,7,28.5,0,,Complex,65,10,694,-116.3423949,45.89071927
131,131,DANLY,2013,PINE BAR,6/25/13,DALMATIAN TOADFLAX,MECINUS JANTHINIFORMIS,15,1,2,2.5,24,19,1.5,11.5,23,18.5,,Complex,65,10,694,-116.3423949,45.89071927
132,132,DANLY,2010,PINE BAR,6/7/10,DALMATIAN TOADFLAX,MECINUS JANTHINIFORMIS,81,3,0,8,17.5,12.2,1.3,22,40.5,0,,Complex,65,10,694,-116.3423901,45.89071966
133,133,DANLY,2007,PINE BAR,6/11/07,DALMATIAN TOADFLAX,MECINUS JANTHINIFORMIS,110,5,0,5.5,54,7.5,1,11.5,20,0,,Complex,65,10,694,-116.342395,45.89071939
134,134,DANLY,2015,PINE BAR,5/20/15,DALMATIAN TOADFLAX,MECINUS JANTHINIFORMIS,5,0,0,0.2,15.5,30.5,1,9.5,19.5,23.5,,Complex,65,10,694,-116.3423949,45.89071927
135,135,DANLY,2011,PINE BAR,6/14/11,DALMATIAN TOADFLAX,MECINUS JANTHINIFORMIS,40,3,2,1.5,19.5,38.5,0,2.5,26.5,11.5,,Complex,65,10,694,-116.3423901,45.89071966
136,136,DANLY,2008,PINE BAR,6/16/08,DALMATIAN TOADFLAX,MECINUS JANTHINIFORMIS,90,2,1,6.5,22.5,35.5,1,6.5,28,0,,Complex,65,10,694,-116.342395,45.89071939
137,137,DANLY,2012,PINE BAR,6/6/12,DALMATIAN TOADFLAX,MECINUS JANTHINIFORMIS,15,2,15,4,18.5,24.5,1.5,14,27.5,10,,Complex,65,10,694,-116.3423949,45.89071927
138,138,DANLY,2014,PINE BAR,6/3/14,DALMATIAN TOADFLAX,MECINUS JANTHINIFORMIS,26,1,0,1.5,22,31,1,9,18,18,,Complex,65,10,694,-116.3423949,45.89071927
139,139,RANDALL,2015,LONE MOUNTAIN,5/20/15,DALMATIAN TOADFLAX,MECINUS JANTHINIFORMIS,0,0,3,0,24,2.5,19.5,0,27.5,26.5,,Consociation,4,7,732,-116.8229797,47.91103506
140,140,DANLY,2018,PINE BAR,5/24/18,DALMATIAN TOADFLAX,MECINUS JANTHINIFORMIS,0,0,0,0,18,17.5,0.5,7.5,32.5,24,https://gisdata.eddmaps.org:6443/arcgis/rest/services/simp/simp2019/MapServer/0/3284/attachments/1147,Complex,65,10,694,-116.3424336,45.89070529
141,141,CAROL RANDALL,2018,LONE MOUNTAIN,5/23/18,DALMATIAN TOADFLAX,MECINUS JANTHINIFORMIS,0,0,9,0,13.5,6,4,7,39.5,30,https://gisdata.eddmaps.org:6443/arcgis/rest/services/simp/simp2019/MapServer/0/3298/attachments/1183,Consociation,4,7,732,-116.82298,47.91103296
142,142,CAROL RANDALL,2019,FARRAGUT STATE PARK DT,5/28/19,DALMATIAN TOADFLAX,MECINUS JANTHINIFORMIS,10,0,5,0.5,11,3.5,11.5,6,16.5,51,https://gisdata.eddmaps.org:6443/arcgis/rest/services/simp/simp2019/MapServer/0/2076682/attachments/7674,Consociation,10,7,702,-116.6003337,47.96087218
143,143,KIMR,2019,BALDY PALISADES,6/5/19,DALMATIAN TOADFLAX,MECINUS JANTHINIFORMIS,0,0,39,0,2.5,18.5,15,20,43.5,0.5,https://gisdata.eddmaps.org:6443/arcgis/rest/services/simp/simp2019/MapServer/0/2078686/attachments/9674,Consociation,2,4,1859,-111.2180043,43.40365748
144,144,BBC,2019,BIG WOOD,6/13/19,DALMATIAN TOADFLAX,MECINUS JANTHINIFORMIS,34,0,6,1,9.5,0,13.5,19.5,57,0,https://gisdata.eddmaps.org:6443/arcgis/rest/services/simp/simp2019/MapServer/0/2080703/attachments/10883,Consociation,0,0,0,-114.2613389,43.46149778
156,156,EVANS BAILLY,2019,PINE CREEK,6/18/19,DALMATIAN TOADFLAX,MECINUS JANTHINIFORMIS,0,0,49,1,0,11.5,26,15,46.5,0,,,0,0,0,-116.2253978,47.49791505
157,157,RANDALL,2019,LONE MOUNTAIN,6/13/19,DALMATIAN TOADFLAX,MECINUS JANTHINIFORMIS,0,0,2,0,27.5,5.5,5,11,24,27,,,0,0,0,-116.82298,47.91103296
159,159,CAROL RANDALL,2020,FARRAGUT STATE PARK DT,5/27/20,DALMATIAN TOADFLAX,MECINUS JANTHINIFORMIS,15,0,21,1,14.5,5,5,4.5,8,62,,,0,0,0,-116.6004,47.96099925
166,166,C RANDALL,2020,MOYIE STORE,5/27/20,DALMATIAN TOADFLAX,MECINUS JANTHINIFORMIS,44,0,66,0.5,3.5,6.5,11,17.5,28.5,32.5,,,0,0,0,-116.1826685,48.7317714
167,167,C RANDALL,2020,PORT HILL,5/27/20,DALMATIAN TOADFLAX,MECINUS JANTHINIFORMIS,80,1,60,1.5,12.5,5,5.5,35.5,11,29,,,0,0,0,-116.4904004,48.98937025
168,168,MILAN,2020,DOTY,5/27/20,DALMATIAN TOADFLAX,MECINUS JANTHINIFORMIS,0,0,8,0,20,2,3.5,53,21.5,0,,,0,0,0,-115.5578096,44.07699153
169,169,MILAN,2020,TEN AX,5/27/20,DALMATIAN TOADFLAX,MECINUS JANTHINIFORMIS,0,0,0,0,0,7,11,11.5,66,4.5,,,0,0,0,-115.3922867,44.11460892
170,170,C RANDALL,2020,IDAHO HILL TRANSFER,5/29/20,DALMATIAN TOADFLAX,MECINUS JANTHINIFORMIS,0,0,64,0,3.5,0.5,11,18.5,22,44.5,,,0,0,0,-117.0389698,48.1546666
172,172,KIMR,2020,CARIBOU,6/2/20,DALMATIAN TOADFLAX,MECINUS JANTHINIFORMIS,36,3,111,7,20.5,8.5,24,9,31,0,,,0,0,0,-111.9362445,42.74339497
173,173,C RANDALL,2020,LONE MOUNTAIN,6/2/20,DALMATIAN TOADFLAX,MECINUS JANTHINIFORMIS,0,0,23,0,33.5,8.5,9.5,14.5,13,21,,,0,0,0,-116.8273746,47.91539729
174,174,BBC,2020,SLAUGHTERHOUSE DT,6/3/20,DALMATIAN TOADFLAX,MECINUS JANTHINIFORMIS,17,0,3,1.5,3.5,45,8,16,26,0,,,0,0,0,-114.2464315,43.47454567
175,175,BBC,2020,HOWARD PRESERVE,6/3/20,DALMATIAN TOADFLAX,MECINUS JANTHINIFORMIS,9,0,6,1.5,4.5,14,6.5,11.5,62,0,,,0,0,0,-114.2612092,43.46146098
176,176,BBC,2020,RICK BROWN,6/3/20,DALMATIAN TOADFLAX,MECINUS JANTHINIFORMIS,73,0,4,2,18,0,5.5,8,66.5,0,,,0,0,0,-114.2802101,43.39620371
177,177,KIMR,2020,BALDY PALISADES,6/3/20,DALMATIAN TOADFLAX,MECINUS JANTHINIFORMIS,0,0,10,0,4.5,42.5,13.5,13.5,26,0,,,0,0,0,-111.2180594,43.40374063
178,178,BBC,2020,STANTON CROSSING,6/4/20,DALMATIAN TOADFLAX,MECINUS JANTHINIFORMIS,0,0,1,0,9,9,6.5,12.5,63,0,,,0,0,0,-114.3177682,43.32978593
179,179,BBC,2020,PAM STREET,6/4/20,DALMATIAN TOADFLAX,MECINUS JANTHINIFORMIS,44,0,1,8,5.5,1,9.5,10.5,65.5,0,,,0,0,0,-114.2476211,43.37958647
180,180,BBC,2020,LOGAN'S LANE,6/4/20,DALMATIAN TOADFLAX,MECINUS JANTHINIFORMIS,47,0,2,7.5,7.5,0,14.5,9,61.5,0,,,0,0,0,-114.2552727,43.38278487
183,183,MILAN,2020,LAKE CREEK DT,6/9/20,DALMATIAN TOADFLAX,MECINUS JANTHINIFORMIS,19,0,4,1,0,35.5,2.5,48,13,0,,,0,0,0,-114.3431107,43.76011879
184,184,MILAN,2020,CUPRUM DT,6/8/20,DALMATIAN TOADFLAX,MECINUS JANTHINIFORMIS,0,0,7,0,6,16.5,22.5,26.5,27,1.5,,,0,0,0,-116.7437423,45.07021206
186,186,PAUL BRUSVEN,2020,RICE CREEK DT,6/4/20,DALMATIAN TOADFLAX,MECINUS JANTHINIFORMIS,0,0,1,0,13.5,3,23.5,22,32.5,5.5,,,0,0,0,-116.4211,45.89103
187,187,PAUL BRUSVEN,2020,COLD SPRINGS,6/4/20,DALMATIAN TOADFLAX,MECINUS JANTHINIFORMIS,0,0,3,0,13,15,18.5,22.5,23.5,7.5,,,0,0,0,-116.534722,46.271384
188,188,PAUL BRUSVEN,2020,IDAHO BORDER,6/3/20,DALMATIAN TOADFLAX,MECINUS JANTHINIFORMIS,0,0,33,0,13,0,5.5,23,29.5,29,,,0,0,0,-117.0365,46.43031
189,189,MILAN,2020,COVE RANCH,6/9/20,DALMATIAN TOADFLAX,MECINUS JANTHINIFORMIS,0,0,1,0,12,4.5,1,48.5,34,0,,,0,0,0,-114.1582968,43.41976566
190,190,DANLY,2020,PINE BAR,6/10/20,DALMATIAN TOADFLAX,MECINUS JANTHINIFORMIS,0,0,0,0,29.5,11,0.5,4,29,26,,,0,0,0,-116.3423992,45.89070288
191,191,MILAN,2020,HUCKLEBERRY,6/11/20,DALMATIAN TOADFLAX,MECINUS JANTHINIFORMIS,0,0,5,0.5,12.5,13,4,16,52,2,,,0,0,0,-115.5681651,44.07292484
192,192,MILAN,2020,HELISPOT,6/11/20,DALMATIAN TOADFLAX,MECINUS JANTHINIFORMIS,24,0,2,0.5,4.5,24.5,9,17.5,44,0,,,0,0,0,-115.5864369,44.07336912
193,193,DOUGLAS EVANS,2020,PINE CREEK,6/19/20,DALMATIAN TOADFLAX,MECINUS JANTHINIFORMIS,25,0,39,0.5,1,17.5,30.5,15,34,1.5,,,0,0,0,-116.2257,47.497917
194,194,DANLY,2021,PINE BAR,5/18/21,DALMATIAN TOADFLAX,MECINUS JANTHINIFORMIS,0,0,11,0,21,7,1,9,44,18,,,0,0,0,-116.3425146,45.8906125
195,195,DANLY,2017,PINE BAR,5/24/17,DALMATIAN TOADFLAX,MECINUS JANTHINIFORMIS,0,0,0,0.5,35.5,28,0.5,8.5,20.5,6.5,,,0,0,0,-116.3423992,45.8907
196,196,DANLY,2019,PINE BAR,5/23/19,DALMATIAN TOADFLAX,MECINUS JANTHINIFORMIS,0,0,0,0,22.5,13,1,4.5,35,24,,,0,0,0,-116.3424,45.8907
200,200,BBC,2021,SLAUGHTERHOUSE DT,6/1/21,DALMATIAN TOADFLAX,MECINUS JANTHINIFORMIS,15,1,23,1.5,5,31,12.5,25,25,0,,,0,0,0,-114.246438,43.4745061
201,201,BBC,2021,HOWARD PRESERVE,6/1/21,DALMATIAN TOADFLAX,MECINUS JANTHINIFORMIS,38,1,11,2.5,15,3,5.5,14.5,59.5,0,,,0,0,0,-114.2611528,43.46143937
202,202,BBC,2021,RICK BROWN,6/1/21,DALMATIAN TOADFLAX,MECINUS JANTHINIFORMIS,22,0,15,0.5,26,8,7,7,51.5,0,,,0,0,0,-114.2801778,43.39618519
203,203,BBC,2021,STANTON CROSSING,6/1/21,DALMATIAN TOADFLAX,MECINUS JANTHINIFORMIS,5,0,2,0.5,6.5,10.5,2.5,13.5,66.5,0,,,0,0,0,-114.3177014,43.32971782
204,204,BBC,2021,FRIEDMAN LANE,6/2/21,DALMATIAN TOADFLAX,MECINUS JANTHINIFORMIS,34,4,6,10.5,13,4.5,16,19.5,36.5,0,,,0,0,0,-114.2475784,43.37958853
205,205,BBC,2021,LOGAN'S LANE,6/2/21,DALMATIAN TOADFLAX,MECINUS JANTHINIFORMIS,19,8,16,12.5,7.5,0,26,9,45,0,,,0,0,0,-114.2552127,43.3828018
206,206,KimR,2021,BALDY PALISADES,6/3/21,DALMATIAN TOADFLAX,MECINUS JANTHINIFORMIS,0,0,15,0,5.5,38,14.5,26.5,15.5,0,,,0,0,0,-111.3382349,43.4445898
207,207,KimR,2021,CARIBOU,6/5/21,DALMATIAN TOADFLAX,MECINUS JANTHINIFORMIS,0,4,64,5.5,6,6.5,23.5,17,40,1.5,,,0,0,0,-111.7303514,42.6265939
208,208,Milan,2021,TEN AX,6/7/21,DALMATIAN TOADFLAX,MECINUS JANTHINIFORMIS,16,0,2,0.5,0,6.5,32,14,47,0,,,0,0,0,-115.3927875,44.11452259
212,212,KimR,2022,BALDY PALISADES,6/3/22,DALMATIAN TOADFLAX,MECINUS JANTHINIFORMIS,0,0,24,0,7.5,29,13,30,20,0.5,,,0,0,0,-111.3407387,43.4605713
213,213,BBC,2022,SLAUGHTERHOUSE DT,6/8/22,DALMATIAN TOADFLAX,MECINUS JANTHINIFORMIS,0,0,2,0,9,22,27,21,21,0,,,0,0,0,-114.2463446,43.47453203
214,214,BBC,2022,HOWARD PRESERVE,6/8/22,DALMATIAN TOADFLAX,MECINUS JANTHINIFORMIS,0,0,3,0,18,2,12.5,8.5,59,0,,,0,0,0,-114.2611622,43.4614704
215,215,BBC,2022,STANTON CROSSING,6/8/22,DALMATIAN TOADFLAX,MECINUS JANTHINIFORMIS,0,0,4,0,9,11,12,31.5,36.5,0,,,0,0,0,-114.3175737,43.32978097
216,216,BBC,2022,FRIEDMAN LANE,6/9/22,DALMATIAN TOADFLAX,MECINUS JANTHINIFORMIS,61,0,2,10,19,0,15,8,48,0,,,0,0,0,-114.2476239,43.37957383
217,217,BBC,2022,LOGAN'S LANE,6/9/22,DALMATIAN TOADFLAX,MECINUS JANTHINIFORMIS,75,15,2,13.5,4,0,14.5,12,56,0,,,0,0,0,-114.2562788,43.38238897
218,218,BBC,2022,RICK BROWN,6/9/22,DALMATIAN TOADFLAX,MECINUS JANTHINIFORMIS,50,0,3,1.5,26.5,1,0,4.5,65.5,1,,,0,0,0,-114.2799137,43.39631542
219,219,Lynn Danly,2022,,6/14/22,DALMATIAN TOADFLAX,MECINUS JANTHINIFORMIS,0,0,0,0,49.5,14,1.5,3.5,18,13.5,,,0,0,0,-116.3407268,45.89148245
222,222,BBC,2019,RICK BROWN,6/13/19,DALMATIAN TOADFLAX,MECINUS JANTHINIFORMIS,0,0,0,0,27,2.5,15,24.5,31,0,https://gisdata.eddmaps.org:6443/arcgis/rest/services/simp/simp2019/MapServer/0/2080702/attachments/10881,Complex,1,6,1631,-114.2801755,43.39621834
224,224,RANDALL,2014,PORT HILL,5/20/14,DALMATIAN TOADFLAX,MECINUS JANTHINIFORMIS,63,3,258,4.5,1,10.5,15.5,29.5,14,26,,Complex,20,7,853,-116.4903365,48.98928693
225,225,DOUG EVANS,2012,PINE CREEK,6/14/12,DALMATIAN TOADFLAX,MECINUS JANTHINIFORMIS,20,1,20,1,2.5,45.5,11,21,19,0,,Consociation,50,8,985,-116.225397,47.49791578
226,226,MILAN,2017,CUPRUM DT,5/30/17,DALMATIAN TOADFLAX,MECINUS JANTHINIFORMIS,8,0,10,1,6,14,10.5,41,27.5,0,https://gisdata.eddmaps.org:6443/arcgis/rest/services/simp/simp2019/MapServer/0/21/attachments/13,Complex,16,9,1140,-116.6859672,44.54086233
227,227,RANDALL,2013,IDAHO HILL TRANSFER,6/2/13,DALMATIAN TOADFLAX,MECINUS JANTHINIFORMIS,13,0,11,0.5,29,8.5,4.5,11.5,17,29,,Consociation,2,7,762,-117.038778,48.15478595
228,228,RAGOTZKIE,2015,BALDY PALISADES,5/28/15,DALMATIAN TOADFLAX,MECINUS JANTHINIFORMIS,17,0,11,0.5,2.5,23,7,29.5,33.5,4,https://gisdata.eddmaps.org:6443/arcgis/rest/services/simp/simp2019/MapServer/0/39/attachments/24,Complex,25,4,1905,-111.2179971,43.40382477
229,229,BLAINE SIBC,2013,RICK BROWN,7/28/13,DALMATIAN TOADFLAX,MECINUS JANTHINIFORMIS,90,1,0,9.5,0,0.5,0,59.5,30.5,0,https://gisdata.eddmaps.org:6443/arcgis/rest/services/simp/simp2019/MapServer/0/40/attachments/2291,Complex,1,6,1631,-114.2801318,43.39620023
230,230,"BERTRAM, SCHULDT",2009,HAMMER CREEK,6/7/09,DALMATIAN TOADFLAX,MECINUS JANTHINIFORMIS,64,34,14,14,3.5,2.5,6,43,30,0,,Consociation,0,0,0,-114.5339909,44.85713927
231,231,WINSTON,2010,SALMON RIVER MOTEL,6/7/10,DALMATIAN TOADFLAX,MECINUS JANTHINIFORMIS,79,1,2,6,40,9.5,5,17.5,19,3,,Consociation,5,12,374,-116.3221235,45.4154119
232,232,WINSTON,2012,CENTER CANYON 01,6/2/12,DALMATIAN TOADFLAX,MECINUS JANTHINIFORMIS,17,0,126,1,41.5,8,0,28,21.5,0,,Complex,65,7,991,-116.3867879,45.88104303
233,233,WINSTON,2010,SALMON RIVER HIGH SCHOOL UPPER FIELD,6/7/10,DALMATIAN TOADFLAX,MECINUS JANTHINIFORMIS,103,8,0,18,45,2.5,7.5,0.5,25.5,1,,Consociation,65,10,945,-116.320693,45.418914
234,234,RANDALL,2009,PINE CREEK,5/31/09,DALMATIAN TOADFLAX,MECINUS JANTHINIFORMIS,57,2,76,2.5,0.5,12.5,5.5,62.5,14,2.5,,Consociation,50,8,985,-116.2253992,47.49791712
235,235,MILAN,2016,BIG WOOD,6/6/16,DALMATIAN TOADFLAX,MECINUS JANTHINIFORMIS,55,2,9,4,11,7.5,0,14,64,0,https://gisdata.eddmaps.org:6443/arcgis/rest/services/simp/simp2019/MapServer/0/80/attachments/2698,Consociation,0,0,0,-114.2612222,43.46148562
236,236,TNC,2008,CUPRUM DT,7/1/08,DALMATIAN TOADFLAX,MECINUS JANTHINIFORMIS,61,5,6,15,0.5,30,5.5,30,19,0,,Consociation,0,0,0,-116.7437345,45.07010344
238,238,RAGOTZKIE,2016,BALDY PALISADES,5/31/16,DALMATIAN TOADFLAX,MECINUS JANTHINUS,0,0,25,0,11.5,30.5,7,26.5,23.5,1,https://gisdata.eddmaps.org:6443/arcgis/rest/services/simp/simp2019/MapServer/0/131/attachments/74,Complex,25,4,1905,-111.2179476,43.40369623
239,239,MILAN,2014,CUPRUM DT,6/10/14,DALMATIAN TOADFLAX,MECINUS JANTHINIFORMIS,58,1,14,3,5,18.5,12,37.5,24,0,https://gisdata.eddmaps.org:6443/arcgis/rest/services/simp/simp2019/MapServer/0/138/attachments/2490,Consociation,0,0,0,-116.7438109,45.07005868
240,240,HESS,2010,PATTERSON,6/22/10,DALMATIAN TOADFLAX,MECINUS JANTHINIFORMIS,0,0,0,0,35.5,3,0,43,18.5,0,,Consociation,0,0,0,-113.6765724,44.54655529
241,241,"MILAN, HANSEN",2007,BALDY PALISADES,5/28/07,DALMATIAN TOADFLAX,MECINUS JANTHINIFORMIS,45,9,10,7,9,13,9.5,42,20.5,0,,Complex,25,4,1905,-111.2179549,43.40383189
242,242,HARMON/SCHILLER,2013,LITTLE SALMON RIVER 01,7/16/13,DALMATIAN TOADFLAX,MECINUS JANTHINIFORMIS,21,0,0,0.5,18,11.5,2,64.5,3.5,0,https://gisdata.eddmaps.org:6443/arcgis/rest/services/simp/simp2019/MapServer/0/168/attachments/94,Consociation,22,10,732,-116.3559164,45.37208115
244,244,MILAN,2016,COVE RANCH,6/6/16,DALMATIAN TOADFLAX,MECINUS JANTHINIFORMIS,42,3,25,6.5,13,1,0,64,15.5,0,https://gisdata.eddmaps.org:6443/arcgis/rest/services/simp/simp2019/MapServer/0/172/attachments/2664,Complex,45,5,1959,-114.1583104,43.41971603
245,245,CARROLL,2012,BALDY PALISADES,6/13/12,DALMATIAN TOADFLAX,MECINUS JANTHINIFORMIS,24,2,17,2.5,10,27.5,5,40.5,14.5,0,,Complex,25,4,1905,-111.2179466,43.40371802
246,246,"STILLLMAN, MILAN",2013,HUCKLEBERRY,5/29/13,DALMATIAN TOADFLAX,MECINUS JANTHINIFORMIS,0,0,28,0,8.5,10,7.5,28.5,38,6.5,https://gisdata.eddmaps.org:6443/arcgis/rest/services/simp/simp2019/MapServer/0/193/attachments/2374,Consociation,0,0,0,-115.5681497,44.07294171
247,247,WINSTON,2011,RIGGINS 01,6/2/11,DALMATIAN TOADFLAX,MECINUS JANTHINIFORMIS,27,0,24,1.5,20,6,24.5,4.5,30,13.5,,Consociation,65,8,1204,-116.3192899,45.43346513
248,248,MILAN,2017,LAKE CREEK DT,5/31/17,DALMATIAN TOADFLAX,MECINUS JANTHINIFORMIS,23,4,38,4.5,0,39.5,4,36,16,0,https://gisdata.eddmaps.org:6443/arcgis/rest/services/simp/simp2019/MapServer/0/202/attachments/109,Consociation,0,0,0,-114.3431332,43.76013493
249,249,MILAN,2015,HUCKLEBERRY,6/7/15,DALMATIAN TOADFLAX,MECINUS JANTHINIFORMIS,46,0,18,1.5,4.5,21,6.5,37.5,25.5,4,https://gisdata.eddmaps.org:6443/arcgis/rest/services/simp/simp2019/MapServer/0/207/attachments/2566,Consociation,0,0,0,-115.5692604,44.07245145
250,250,BLAINE SIBC,2015,RICK BROWN,6/5/15,DALMATIAN TOADFLAX,MECINUS JANTHINIFORMIS,110,1,6,6,17,0.5,0,56.5,19.5,0.5,,Complex,1,6,1631,-114.2801561,43.39620981
251,251,WINSTON,2009,STEELHEAD INN,6/5/09,DALMATIAN TOADFLAX,MECINUS JANTHINIFORMIS,97,2,0,14,11,1,4,56,14,0,,Consociation,5,10,397,-116.270917,45.599833
252,252,CARROLL,2011,BALDY PALISADES,6/26/11,DALMATIAN TOADFLAX,MECINUS JANTHINIFORMIS,47,6,16,5,5,22.5,3.5,50,14,0,,Complex,25,4,1905,-111.2179336,43.40371352
253,253,WINSTON,2010,CENTER CANYON 01,6/7/10,DALMATIAN TOADFLAX,MECINUS JANTHINIFORMIS,107,12,30,30,23.5,7,0,25,14.5,0,,Complex,65,7,991,-116.3867879,45.88104303
254,254,MILAN,2017,DOTY,6/6/17,DALMATIAN TOADFLAX,MECINUS JANTHINIFORMIS,17,0,18,1,13,10,10,38,27.5,0.5,https://gisdata.eddmaps.org:6443/arcgis/rest/services/simp/simp2019/MapServer/0/260/attachments/137,Consociation,0,0,0,-115.5578256,44.07710356
255,255,BLAINE BUG CREW,2017,BIG WOOD,6/8/17,DALMATIAN TOADFLAX,MECINUS JANTHINIFORMIS,49,1,16,2.5,22,4,0,59.5,13,0,https://gisdata.eddmaps.org:6443/arcgis/rest/services/simp/simp2019/MapServer/0/262/attachments/140,Consociation,1,6,1662,-114.2595876,43.46183074
257,257,"BRUSVEN, NPBC",2016,RICE CREEK DT,5/24/16,DALMATIAN TOADFLAX,MECINUS JANTHINIFORMIS,54,0,42,1,13,1,19,28.5,30,8.5,,Complex,65,10,1128,-116.4213125,45.89099317
258,258,WINSTON,2011,CENTER CANYON 01,6/7/11,DALMATIAN TOADFLAX,MECINUS JANTHINIFORMIS,47,7,52,11.5,26,26,0,24,12.5,0.5,,Complex,65,7,991,-116.3867886,45.88104753
259,259,RANDALL,2014,IDAHO HILL TRANSFER,5/22/14,DALMATIAN TOADFLAX,MECINUS JANTHINIFORMIS,35,0,14,1,32.5,11.5,5,9.5,14,26.5,,Consociation,2,7,762,-117.038778,48.15478595
260,260,"BRUSVEN, NPBC",2017,IDAHO BORDER,5/23/17,DALMATIAN TOADFLAX,MECINUS JANTHINIFORMIS,101,1,40,3,32,0,4.5,21.5,16.5,22.5,,Complex,2,11,296,-117.0364722,46.43030556
261,261,MILAN,2012,DOTY,6/7/12,DALMATIAN TOADFLAX,MECINUS JANTHINIFORMIS,36,3,22,5,17,21.5,14.5,14,27.5,0,https://gisdata.eddmaps.org:6443/arcgis/rest/services/simp/simp2019/MapServer/0/386/attachments/2120,Consociation,0,0,0,-115.5578029,44.07702079
262,262,BERTRAM,2012,HAMMER CREEK,5/28/12,DALMATIAN TOADFLAX,MECINUS JANTHINIFORMIS,0,0,36,0,0,0,2,45.5,51,1.5,,Consociation,0,0,0,-114.5340588,44.85710374
263,263,RANDALL,2011,LONE MOUNTAIN,7/5/11,DALMATIAN TOADFLAX,MECINUS JANTHINIFORMIS,16,0,11,1,51.5,2,14.5,0,18.5,12.5,,Consociation,4,7,732,-116.8229797,47.91103506
264,264,MILAN,2016,HELISPOT,6/7/16,DALMATIAN TOADFLAX,MECINUS JANTHINIFORMIS,58,0,19,1.5,4,23.5,8,34.5,28.5,0.5,https://gisdata.eddmaps.org:6443/arcgis/rest/services/simp/simp2019/MapServer/0/411/attachments/2676,Consociation,0,0,0,-115.5864749,44.07324197
265,265,RANDALL,2010,LONE MOUNTAIN,5/23/10,DALMATIAN TOADFLAX,MECINUS JANTHINIFORMIS,9,0,7,0.5,28.5,5.5,15.5,1.5,28,20.5,,Consociation,4,7,732,-116.8229863,47.91103359
266,266,BLAINE SIBC,2015,STANTON CROSSING,5/27/15,DALMATIAN TOADFLAX,MECINUS JANTHINIFORMIS,16,1,4,2.5,0.5,0.5,4.5,88.5,3.5,0,,Complex,1,6,1722,-114.3176849,43.32976538
267,267,BLAINE SIBC,2011,STANTON CROSSING,7/17/11,DALMATIAN TOADFLAX,MECINUS JANTHINIFORMIS,65,3,0,4,0,4.5,0,46,45.5,0,,Complex,1,6,1722,-114.3176961,43.32979265
268,268,MILAN,2009,LAKE CREEK DT,5/26/09,DALMATIAN TOADFLAX,MECINUS JANTHINIFORMIS,24,4,52,4.5,0,26.5,4,33,32,0,,Consociation,0,0,0,-114.3431037,43.76014288
269,269,WINSTON,2010,RIGGINS 01,6/7/10,DALMATIAN TOADFLAX,MECINUS JANTHINIFORMIS,99,1,52,7.5,26,8.5,13,4,27,14,,Consociation,65,8,1204,-116.3192899,45.43346513
270,270,CARROLL,2010,CARIBOU,6/14/10,DALMATIAN TOADFLAX,MECINUS JANTHINIFORMIS,45,10,2,18.5,28,7,0,18,28.5,0,,Consociation,0,0,0,-111.9362392,42.74339355
271,271,WINSTON,2011,BLACKHAWK BAR,6/7/11,DALMATIAN TOADFLAX,MECINUS JANTHINIFORMIS,58,7,65,12,59,3.5,6,3,16.5,0,,Complex,65,10,694,-116.2972978,45.62421779
272,272,HESS,2008,PATTERSON,5/26/08,DALMATIAN TOADFLAX,MECINUS JANTHINIFORMIS,0,0,0,0,7,21,2,45,23,2,,Consociation,0,0,0,-113.6765726,44.54655547
273,273,BROWN,2007,WHITEBIRD,5/28/07,DALMATIAN TOADFLAX,MECINUS JANTHINIFORMIS,80,3,10,8.5,37,4.5,0,14,36,0,,Complex,65,11,747,-116.3016574,45.7665476
274,274,MILAN,2008,HELISPOT,5/26/08,DALMATIAN TOADFLAX,MECINUS JANTHINIFORMIS,15,2,5,2,4.5,10,8.5,68.5,7.5,0,,Consociation,0,0,0,-115.5865202,44.07328902
275,275,EVANS,2014,PINE CREEK,6/10/14,DALMATIAN TOADFLAX,MECINUS JANTHINIFORMIS,20,0,24,0.5,5,12.5,16,32.5,33.5,0,,Consociation,50,8,985,-116.2257045,47.49791918
276,276,BRUSVEN/LAWRENCE,2015,COLD SPRINGS,5/19/15,DALMATIAN TOADFLAX,MECINUS JANTHINIFORMIS,14,1,39,1,9,8,16,18.5,32,13.5,,Complex,6,7,979,-116.5382259,46.27139798
277,277,WINSTON,2012,BLACKHAWK BAR,6/2/12,DALMATIAN TOADFLAX,MECINUS JANTHINIFORMIS,0,0,13,0,62,5.5,14.5,1,17,0,,Complex,65,10,694,-116.2973,45.624217
278,278,"MILAN, BERTRAM, SCHWARZLAENDER",2007,SPALDING RR,5/15/07,DALMATIAN TOADFLAX,MECINUS JANTHINIFORMIS,95,4,8,8,35,2,1.5,35.5,17.5,0,,Complex,3,12,347,-116.8342273,46.44502764
279,279,"STRAWN, GANG",2009,HUCKLEBERRY,6/2/09,DALMATIAN TOADFLAX,MECINUS JANTHINIFORMIS,20,2,44,3,4,12,5,57.5,18.5,0,,Consociation,0,0,0,-115.5681505,44.07290571
280,280,WINSTON,2010,CENTER CANYON 03,6/7/10,DALMATIAN TOADFLAX,MECINUS JANTHINIFORMIS,57,1,12,4,21,37,6,13,13.5,5.5,,Complex,65,10,1128,-116.3646785,45.87454985
281,281,MILAN,2008,DOTY,5/26/08,DALMATIAN TOADFLAX,MECINUS JANTHINIFORMIS,39,8,9,9.5,7,6.5,8.5,41,27.5,0,,Consociation,0,0,0,-115.5578112,44.0770284
282,282,BRUSVEN/LAWRENCE,2015,RICE CREEK DT,5/19/15,DALMATIAN TOADFLAX,MECINUS JANTHINIFORMIS,0,0,47,0,15,0,9.5,44,28,4.5,,Complex,65,10,1128,-116.4213125,45.89099317
283,283,MILAN,2016,CUPRUM DT,6/14/16,DALMATIAN TOADFLAX,MECINUS JANTHINIFORMIS,14,0,9,1,4.5,9.5,12.5,52.5,19.5,0.5,https://gisdata.eddmaps.org:6443/arcgis/rest/services/simp/simp2019/MapServer/0/532/attachments/2667,Consociation,0,0,0,-116.7438488,45.07010378
284,284,WINSTON,2009,LYONS BAR 01,6/9/09,DALMATIAN TOADFLAX,MECINUS JANTHINIFORMIS,116,4,52,12,24.5,3.5,0,22,38,1,,Complex,65,10,694,-116.323667,45.771067
285,285,RANDALL,2009,FARRAGUT STATE PARK DT,5/26/09,DALMATIAN TOADFLAX,MECINUS JANTHINIFORMIS,35,2,0,4,12.5,4.5,5.5,6,17,50.5,,Consociation,10,7,702,-116.6003839,47.96100165
286,286,CAROL RANDALL,2017,MOYIE STORE,5/26/17,DALMATIAN TOADFLAX,MECINUS JANTHINIFORMIS,42,0,73,0.5,5,4.5,11.5,27,39.5,12,https://gisdata.eddmaps.org:6443/arcgis/rest/services/simp/simp2019/MapServer/0/563/attachments/303,Consociation,4,7,701,-116.1826633,48.73195429
288,288,RAGOTZKIE,2015,CARIBOU,5/30/15,DALMATIAN TOADFLAX,MECINUS JANTHINIFORMIS,0,0,20,0,23.5,1,22,16,37.5,0,https://gisdata.eddmaps.org:6443/arcgis/rest/services/simp/simp2019/MapServer/0/593/attachments/327,Consociation,0,0,0,-111.9362244,42.74329105
289,289,MILAN,2015,DOTY,6/7/15,DALMATIAN TOADFLAX,MECINUS JANTHINIFORMIS,55,1,33,3.5,12,10.5,10,48,16,0,https://gisdata.eddmaps.org:6443/arcgis/rest/services/simp/simp2019/MapServer/0/611/attachments/2564,Consociation,0,0,0,-115.5578107,44.07700718
290,290,"MILAN, ATCHISON",2007,WILDHORSE END,6/18/07,DALMATIAN TOADFLAX,MECINUS JANTHINIFORMIS,40,2,0,2.5,4.5,2.5,0,67.5,22.5,0,,Complex,35,10,865,-116.8337526,44.85107179
291,291,MILAN,2009,BIG WOOD,5/26/09,DALMATIAN TOADFLAX,MECINUS JANTHINIFORMIS,42,7,7,6.5,2,2,2.5,7,80.5,0,,Consociation,0,0,0,-114.2614161,43.4615713
292,292,RANDALL,2015,IDAHO HILL TRANSFER,5/20/15,DALMATIAN TOADFLAX,MECINUS JANTHINIFORMIS,28,2,30,4,23,5,3,9.5,20.5,35,,Consociation,2,7,762,-117.038778,48.15478595
293,293,"MILAN, HESS",2007,PATTERSON,5/29/07,DALMATIAN TOADFLAX,MECINUS JANTHINIFORMIS,40,14,11,6,3.5,6.5,0,37,47.5,0,,Consociation,0,0,0,-113.6765726,44.54655545
295,295,MILAN,2014,HUCKLEBERRY,6/2/14,DALMATIAN TOADFLAX,MECINUS JANTHINIFORMIS,0,0,17,0.5,9.5,15,6.5,31,35,3.5,https://gisdata.eddmaps.org:6443/arcgis/rest/services/simp/simp2019/MapServer/0/670/attachments/2479,Consociation,0,0,0,-115.5681383,44.07289655
296,296,BROWN,2008,PORT HILL,6/27/08,DALMATIAN TOADFLAX,MECINUS JANTHINIFORMIS,65,2,60,6.5,16.5,7.5,1,24.5,25,20,,Complex,20,7,853,-116.4903426,48.98928799
297,297,CAROL RANDALL,2017,IDAHO HILL TRANSFER,5/19/17,DALMATIAN TOADFLAX,MECINUS JANTHINIFORMIS,29,2,68,3.5,17.5,9,4,6.5,13,47,https://gisdata.eddmaps.org:6443/arcgis/rest/services/simp/simp2019/MapServer/0/690/attachments/373,Consociation,2,7,762,-117.0389969,48.15470733
298,298,WINSTON,2009,SQUAW CREEK 01,6/5/09,DALMATIAN TOADFLAX,MECINUS JANTHINIFORMIS,89,2,0,14,27,19,0.5,18.5,20,1,,Consociation,2,9,404,-116.3456631,45.40840699
300,300,HARMON/SCHILLER,2013,LYONS BAR 01,7/16/13,DALMATIAN TOADFLAX,MECINUS JANTHINIFORMIS,66,1,0,3,74,0,8.5,13.5,2,0,,Complex,65,10,694,-116.3236614,45.77106356
301,301,WINSTON,2009,SALMON RIVER HIGH SCHOOL UPPER FIELD,6/5/09,DALMATIAN TOADFLAX,MECINUS JANTHINIFORMIS,96,3,0,8.5,34.5,0,0,0.5,42.5,14,,Consociation,65,10,945,-116.320693,45.418914
302,302,BROWN,2007,DOWNY,7/8/07,DALMATIAN TOADFLAX,MECINUS JANTHINIFORMIS,0,0,0,0,1,11,18,47,22,0,,Complex,45,5,1737,-112.0075833,42.41071701
303,303,RANDALL,2016,LONE MOUNTAIN,5/19/16,DALMATIAN TOADFLAX,MECINUS JANTHINIFORMIS,0,0,12,0,35.5,5,7.5,1,35,16,,Consociation,4,7,732,-116.8229797,47.91103506
304,304,RANDALL,2013,LONE MOUNTAIN,6/2/13,DALMATIAN TOADFLAX,MECINUS JANTHINIFORMIS,0,0,7,0,24,5.5,17.5,1.5,28.5,23.5,,Consociation,4,7,732,-116.8229797,47.91103506
305,305,"STRAWN, GANG",2009,DOWNY,6/1/09,DALMATIAN TOADFLAX,MECINUS JANTHINIFORMIS,25,1,1,0.5,0,6.5,5.5,62.5,25.5,0,,Complex,45,5,1737,-112.0075843,42.41071517
306,306,WINSTON,2012,CENTER CANYON 03,6/3/12,DALMATIAN TOADFLAX,MECINUS JANTHINIFORMIS,0,0,42,0,26.5,31,1,10,25.5,6,,Complex,65,10,1128,-116.3646785,45.87454985
307,307,MILAN,2014,DOTY,6/2/14,DALMATIAN TOADFLAX,MECINUS JANTHINIFORMIS,30,1,18,2,13.5,13,10.5,28.5,32.5,0,https://gisdata.eddmaps.org:6443/arcgis/rest/services/simp/simp2019/MapServer/0/781/attachments/2505,Consociation,0,0,0,-115.5578482,44.07700766
308,308,WINSTON,2010,CENTER CANYON 02,6/7/10,DALMATIAN TOADFLAX,MECINUS JANTHINIFORMIS,57,4,6,7.5,29.5,35.5,0,7,16.5,4,,Complex,65,7,991,-116.3773295,45.8765096
309,309,RANDALL,2015,MOYIE STORE,5/19/15,DALMATIAN TOADFLAX,MECINUS JANTHINIFORMIS,0,0,42,0,13,4.5,12.5,21.5,34.5,14,,Consociation,4,7,701,-116.1826917,48.73183457
310,310,"RANDALL, JASMAN",2009,IDAHO HILL TRANSFER,5/25/09,DALMATIAN TOADFLAX,MECINUS JANTHINIFORMIS,28,14,107,12.5,7,30.5,2,8,17.5,22.5,,Consociation,2,7,762,-117.038778,48.15478595
311,311,WINSTON,2009,RICE CREEK DT,6/6/09,DALMATIAN TOADFLAX,MECINUS JANTHINIFORMIS,53,2,76,7.5,19,1.5,6,22.5,35,8.5,,Complex,65,10,1128,-116.421312,45.890997
312,312,RANDALL,2011,PORT HILL,6/29/11,DALMATIAN TOADFLAX,MECINUS JANTHINIFORMIS,91,4,98,7.5,10,10,3,39,11,18.5,,Complex,20,7,853,-116.4903365,48.98928693
313,313,BRUSVEN,2013,COLD SPRINGS,5/30/13,DALMATIAN TOADFLAX,MECINUS JANTHINIFORMIS,6,0,23,0.5,23,3.5,12,10,33,16,,Complex,18,9,991,-116.5347219,46.27138377
314,314,MILAN,2012,COVE RANCH,6/19/12,DALMATIAN TOADFLAX,MECINUS JANTHINIFORMIS,34,8,10,12,20,0,2,38,28,0,https://gisdata.eddmaps.org:6443/arcgis/rest/services/simp/simp2019/MapServer/0/834/attachments/2224,Complex,45,5,1959,-114.1583147,43.41973628
315,315,MILAN,2010,DOTY,6/22/10,DALMATIAN TOADFLAX,MECINUS JANTHINIFORMIS,53,5,7,6,41,6.5,7,27.5,12,0,,Consociation,0,0,0,-115.5578035,44.07700689
316,316,MILAN,2008,LAKE CREEK DT,6/10/08,DALMATIAN TOADFLAX,MECINUS JANTHINIFORMIS,40,4,6,4,0,40,4,31.5,20.5,0,,Consociation,0,0,0,-114.3430999,43.7601121
317,317,MILAN,2015,COVE RANCH,6/2/15,DALMATIAN TOADFLAX,MECINUS JANTHINIFORMIS,37,3,18,6.5,10.5,0,2.5,59,21.5,0,https://gisdata.eddmaps.org:6443/arcgis/rest/services/simp/simp2019/MapServer/0/855/attachments/457,Complex,45,5,1959,-114.1583092,43.41974301
318,318,WINSTON,2012,CENTER CANYON 02,6/3/12,DALMATIAN TOADFLAX,MECINUS JANTHINIFORMIS,0,0,54,0,43,23.5,0,8,22.5,2,,Complex,65,7,991,-116.3773295,45.8765096
319,319,RANDALL,2008,LONE MOUNTAIN,6/4/08,DALMATIAN TOADFLAX,MECINUS JANTHINIFORMIS,28,4,4,5.5,28.5,8,9,10.5,27.5,10.5,,Consociation,4,7,732,-116.8229862,47.91103359
320,320,BROWN,2007,IDAHO BORDER,5/29/07,DALMATIAN TOADFLAX,MECINUS JANTHINIFORMIS,105,5,1,13,35,0,1.5,45,5.5,0,,Complex,2,11,296,-117.0364706,46.43031995
321,321,WINSTON,2009,IDAHO BORDER,6/3/09,DALMATIAN TOADFLAX,MECINUS JANTHINIFORMIS,84,2,89,9.5,19.5,0,1.5,26,39,4.5,,Complex,2,11,296,-117.036471,46.43032
322,322,"MILAN, HUTER",2008,TEN AX,6/17/08,DALMATIAN TOADFLAX,MECINUS JANTHINIFORMIS,52,5,13,5.5,0,9.5,27,17,41.5,0,,Consociation,0,0,0,-115.3923876,44.11472694
323,323,WINSTON,2012,LYONS BAR 01,6/2/12,DALMATIAN TOADFLAX,MECINUS JANTHINIFORMIS,31,2,63,8.5,37,6.5,0,23,24.5,0.5,,Complex,65,10,694,-116.323667,45.771067
324,324,HARMON/SCHILLER,2013,SLATE CREEK,7/16/13,DALMATIAN TOADFLAX,MECINUS JANTHINIFORMIS,22,0,0,0.5,30.5,10,2,50.5,6.5,0,,Complex,65,11,747,-116.2762187,45.63340217
326,326,MILAN,2010,CUPRUM DT,7/19/10,DALMATIAN TOADFLAX,MECINUS JANTHINIFORMIS,35,1,6,2.5,5.5,28.5,9,38.5,16,0.5,,Consociation,0,0,0,-116.7437728,45.07012629
327,327,"RANDALL, GUTHRIE",2009,PORT HILL,5/28/09,DALMATIAN TOADFLAX,MECINUS JANTHINIFORMIS,19,0,62,1,1.5,4,4.5,34,21.5,33.5,,Complex,20,7,853,-116.4903365,48.98928693
328,328,BRUSVEN,2013,IDAHO BORDER,6/10/13,DALMATIAN TOADFLAX,MECINUS JANTHINIFORMIS,16,0,40,0.5,28.5,0,3.5,27,20.5,20.5,https://gisdata.eddmaps.org:6443/arcgis/rest/services/simp/simp2019/MapServer/0/922/attachments/491,Complex,2,11,296,-117.0364702,46.43031596
329,329,STILLMAN,2013,BALDY PALISADES,7/30/13,DALMATIAN TOADFLAX,MECINUS JANTHINIFORMIS,20,0,0,1,17.5,16,1.5,38.5,24.5,0,,Complex,25,4,1905,-111.2179398,43.40373168
330,330,WINSTON,2011,LYONS BAR 01,6/2/11,DALMATIAN TOADFLAX,MECINUS JANTHINIFORMIS,31,2,63,8.5,37,6.5,0,23,24.5,0.5,,Complex,65,10,694,-116.323667,45.771067
331,331,RANDALL,2015,HAYDEN,5/20/15,DALMATIAN TOADFLAX,MECINUS JANTHINIFORMIS,33,0,59,1.5,30,4,2,3,15.5,44,,Consociation,4,9,640,-116.9770353,47.75976573
332,332,MILAN,2017,COVE RANCH,5/31/17,DALMATIAN TOADFLAX,MECINUS JANTHINIFORMIS,13,1,0,2,23.5,1.5,0,46.5,26.5,0,https://gisdata.eddmaps.org:6443/arcgis/rest/services/simp/simp2019/MapServer/0/949/attachments/499,Complex,45,5,1959,-114.1583347,43.41990227
333,333,MILAN,2016,TEN AX,6/7/16,DALMATIAN TOADFLAX,MECINUS JANTHINIFORMIS,0,0,0,0,0,7,11,12.5,59,11,https://gisdata.eddmaps.org:6443/arcgis/rest/services/simp/simp2019/MapServer/0/955/attachments/2247,Consociation,0,0,0,-115.3923614,44.11469182
334,334,BROWN,2007,PORT HILL,6/11/07,DALMATIAN TOADFLAX,MECINUS JANTHINIFORMIS,52,4,49,9,24.5,4,4.5,21,37,0,,Complex,20,7,853,-116.490342,48.98928854
335,335,RANDALL,2010,FARRAGUT STATE PARK DT,5/23/10,DALMATIAN TOADFLAX,MECINUS JANTHINIFORMIS,20,1,0,3.5,16,6,9,3.5,13.5,48.5,,Consociation,10,7,702,-116.6003855,47.96099971
336,336,WINSTON,2009,LITTLE SALMON RIVER 02,6/5/09,DALMATIAN TOADFLAX,MECINUS JANTHINIFORMIS,82,3,0,14,27.5,6.5,0,11.5,22.5,18,,Consociation,22,10,732,-116.3371794,45.39461679
337,337,MILAN,2010,WILDHORSE END,7/19/10,DALMATIAN TOADFLAX,MECINUS JANTHINIFORMIS,0,0,0,0,48.5,2,0,18,31.5,0,,Complex,35,10,865,-116.8341843,44.85124314
338,338,WINSTON,2009,WHITEBIRD,6/5/09,DALMATIAN TOADFLAX,MECINUS JANTHINIFORMIS,0,0,175,0,26.5,0,0,3,30,40.5,,Complex,65,11,747,-116.301658,45.766548
339,339,WINSTON,2011,CENTER CANYON 03,6/7/11,DALMATIAN TOADFLAX,MECINUS JANTHINIFORMIS,0,0,13,0,23,38.5,1.5,10,14,13,,Complex,65,10,1128,-116.3646842,45.87455438
340,340,"RANDALL, JASMAN",2010,IDAHO HILL TRANSFER,5/23/10,DALMATIAN TOADFLAX,MECINUS JANTHINIFORMIS,15,2,72,5,9,17.5,4.5,8.5,16,39.5,,Consociation,2,7,762,-117.038778,48.15478595
341,341,BROWN,2008,WHITEBIRD,5/29/08,DALMATIAN TOADFLAX,MECINUS JANTHINIFORMIS,0,0,139,0,41.5,1,0.5,5,19.5,32.5,,Complex,65,11,747,-116.3016581,45.76654761
342,342,MILAN,2009,BALDY PALISADES,7/7/09,DALMATIAN TOADFLAX,MECINUS JANTHINIFORMIS,54,5,8,9.5,4,22,4.5,41.5,18.5,0,,Complex,25,4,1905,-111.2179679,43.40374227
343,343,BLAINE SIBC,2016,BIG WOOD,6/5/16,DALMATIAN TOADFLAX,MECINUS JANTHINIFORMIS,19,2,11,5.5,22.5,2.5,2.5,16.5,50.5,0,,Consociation,0,0,0,-114.2614505,43.46135603
344,344,MILAN,2013,CUPRUM DT,6/3/13,DALMATIAN TOADFLAX,MECINUS JANTHINIFORMIS,21,1,11,1,4,16.5,8.5,40.5,29.5,0,https://gisdata.eddmaps.org:6443/arcgis/rest/services/simp/simp2019/MapServer/0/1020/attachments/2398,Consociation,0,0,0,-116.7438489,45.07006777
345,345,"RANDALL, BLEUMER, JASMAN",2008,IDAHO HILL TRANSFER,7/1/08,DALMATIAN TOADFLAX,MECINUS JANTHINIFORMIS,71,9,32,15.5,5.5,17.5,1.5,22,15.5,22.5,,Consociation,2,7,762,-117.0387833,48.15478344
346,346,WINSTON,2009,SLATE CREEK,6/4/09,DALMATIAN TOADFLAX,MECINUS JANTHINIFORMIS,80,3,280,8,22,9,0,23.5,30,7.5,,Complex,65,11,747,-116.276217,45.6334
347,347,BERTRAM,2010,HAMMER CREEK,6/8/10,DALMATIAN TOADFLAX,MECINUS JANTHINIFORMIS,0,0,9,0,0,0,0,0,0,0,,Consociation,0,0,0,-114.5340106,44.85718874
348,348,RANDALL,2013,FARRAGUT STATE PARK DT,5/30/13,DALMATIAN TOADFLAX,MECINUS JANTHINIFORMIS,18,3,34,2.5,6.5,4,15,2.5,25,44.5,,Consociation,10,7,702,-116.6003839,47.96100165
349,349,BLAINE SIBC,2012,STANTON CROSSING,6/13/12,DALMATIAN TOADFLAX,MECINUS JANTHINIFORMIS,37,3,16,4.5,0,1.5,8.5,50.5,35,0,https://gisdata.eddmaps.org:6443/arcgis/rest/services/simp/simp2019/MapServer/0/1062/attachments/560,Complex,1,6,1722,-114.3177577,43.32973742
350,350,WINSTON,2012,LITTLE SALMON RIVER 02,6/2/12,DALMATIAN TOADFLAX,MECINUS JANTHINIFORMIS,0,0,2,0,50,3,0,18.5,19,9.5,,Consociation,22,10,732,-116.3371794,45.39461679
353,353,HARMON/SCHILLER,2013,SQUAW CREEK 01,7/16/13,DALMATIAN TOADFLAX,MECINUS JANTHINIFORMIS,0,0,0,0,52.5,5.5,4,34,4,0,,Consociation,2,9,404,-116.3456638,45.4084062
354,354,RANDALL,2012,IDAHO HILL TRANSFER,5/29/12,DALMATIAN TOADFLAX,MECINUS JANTHINIFORMIS,10,0,19,1,23.5,16,4.6,7,13,35,,Consociation,2,7,762,-117.038778,48.15478595
355,355,MILAN,2010,BIG WOOD,6/29/10,DALMATIAN TOADFLAX,MECINUS JANTHINIFORMIS,71,4,2,7,6.5,7.5,1.5,8,70.5,0,,Consociation,0,0,0,-114.2613009,43.46152193
357,357,BLAINE BUG CREW,2017,FRIEDMAN LANE,7/13/17,DALMATIAN TOADFLAX,MECINUS JANTHINIFORMIS,66,6,0,10,0.5,0.5,1,20.5,67.5,0,https://gisdata.eddmaps.org:6443/arcgis/rest/services/simp/simp2019/MapServer/0/1137/attachments/602,Consociation,1,6,1662,-114.2480486,43.38045487
358,358,WINSTON,2011,SALMON RIVER MOTEL,6/7/11,DALMATIAN TOADFLAX,MECINUS JANTHINIFORMIS,25,1,56,0.5,32.5,7.5,2,14.5,40,3,,Consociation,5,12,374,-116.3221177,45.4154159
359,359,"STILLLMAN, MILAN",2013,DOTY,5/29/13,DALMATIAN TOADFLAX,MECINUS JANTHINIFORMIS,21,4,47,5,10,9.5,7.5,28,40,0,https://gisdata.eddmaps.org:6443/arcgis/rest/services/simp/simp2019/MapServer/0/1174/attachments/2402,Consociation,0,0,0,-115.5578591,44.07707082
360,360,HARMON/SCHILLER,2013,CENTER CANYON 02,7/11/13,DALMATIAN TOADFLAX,MECINUS JANTHINIFORMIS,0,0,0,0,51,7.5,0,33,8.5,0,,Complex,65,7,991,-116.3773288,45.8765051
361,361,HESS,2009,PATTERSON,6/2/09,DALMATIAN TOADFLAX,MECINUS JANTHINIFORMIS,0,0,0,0,7,25,8.5,38.5,21,0,,Consociation,0,0,0,-113.6765748,44.54656
362,362,MILAN,2012,HELISPOT,6/7/12,DALMATIAN TOADFLAX,MECINUS JANTHINIFORMIS,27,0,8,1,5.5,17,8,32,34.5,1.5,https://gisdata.eddmaps.org:6443/arcgis/rest/services/simp/simp2019/MapServer/0/1188/attachments/2008,Consociation,0,0,0,-115.5865112,44.07329628
363,363,BLAINE SIBC,2016,BROADFORD BRIDGE,6/21/16,DALMATIAN TOADFLAX,MECINUS JANTHINIFORMIS,112,2,0,7,7.5,5,0,16,64.5,0,,Complex,1,6,1722,-114.2691893,43.46874428
364,364,MILAN,2012,HUCKLEBERRY,6/7/12,DALMATIAN TOADFLAX,MECINUS JANTHINIFORMIS,8,0,24,1,5.5,21,9,28,31.5,4,https://gisdata.eddmaps.org:6443/arcgis/rest/services/simp/simp2019/MapServer/0/1204/attachments/2177,Consociation,0,0,0,-115.568156,44.07289058
365,365,BLAINE SIBC,2011,SLAUGHTERHOUSE DT,6/12/11,DALMATIAN TOADFLAX,MECINUS JANTHINIFORMIS,51,4,9,8,0,21,14,28.5,28.5,0,,Complex,45,5,1917,-114.2464359,43.47460891
366,366,WINSTON,2009,RIGGINS 01,6/5/09,DALMATIAN TOADFLAX,MECINUS JANTHINIFORMIS,102,2,0,12,22,4,18,3,16.5,24.5,,Consociation,65,8,1204,-116.3192899,45.43346513
368,368,"NELSON, JORGENSON",2011,CUPRUM DT,6/6/11,DALMATIAN TOADFLAX,MECINUS JANTHINIFORMIS,25,3,48,8,0,41.5,14,28,9,0,,Consociation,0,0,0,-116.7437345,45.07009452
369,369,MILAN,2017,TEN AX,6/6/17,DALMATIAN TOADFLAX,MECINUS JANTHINIFORMIS,0,0,6,0,0,7,16.5,10.5,59.5,6.5,https://gisdata.eddmaps.org:6443/arcgis/rest/services/simp/simp2019/MapServer/0/1244/attachments/672,Consociation,0,0,0,-115.3923869,44.11573706
370,370,BERTRAM,2013,HAMMER CREEK,5/29/13,DALMATIAN TOADFLAX,MECINUS JANTHINIFORMIS,0,0,0,0,4.5,6,7.5,33,44,5,,Consociation,0,0,0,-114.5340419,44.85713137
371,371,WINSTON,2012,SLATE CREEK,6/2/12,DALMATIAN TOADFLAX,MECINUS JANTHINIFORMIS,0,0,43,0.5,29.5,8.5,1.5,18,34,8,,Complex,65,11,747,-116.276217,45.6334
372,372,RANDALL,2016,MOYIE STORE,5/25/16,DALMATIAN TOADFLAX,MECINUS JANTHINIFORMIS,0,0,100,0,6.5,3.5,4.5,31.5,47,7,,Consociation,4,7,701,-116.1826917,48.73183457
373,373,MILAN,2010,HUCKLEBERRY,6/28/10,DALMATIAN TOADFLAX,MECINUS JANTHINIFORMIS,25,0,6,1.5,5.5,25,7,29.5,29,1,,Consociation,0,0,0,-115.5681584,44.07290925
374,374,"RANDALL, GUTHRIE",2010,PORT HILL,5/25/10,DALMATIAN TOADFLAX,MECINUS JANTHINIFORMIS,82,3,119,9,7,3.5,7,31,11.5,30.5,,Complex,20,7,853,-116.4903422,48.98928821
375,375,RANDALL,2012,HAYDEN,6/6/12,DALMATIAN TOADFLAX,MECINUS JANTHINIFORMIS,0,0,0,0,2.5,17,8.5,0.5,40,31.5,,Consociation,4,9,640,-116.9770353,47.75976573
376,376,MILAN,2016,DOTY,6/7/16,DALMATIAN TOADFLAX,MECINUS JANTHINIFORMIS,73,0,50,2.5,9.5,7.5,5,54.5,21,0,https://gisdata.eddmaps.org:6443/arcgis/rest/services/simp/simp2019/MapServer/0/1314/attachments/2672,Consociation,0,0,0,-115.557823,44.07701634
377,377,WINSTON,2010,LITTLE SALMON RIVER 02,6/7/10,DALMATIAN TOADFLAX,MECINUS JANTHINIFORMIS,75,3,76,8,49.5,2.5,0,12.5,19,8.5,,Consociation,22,10,732,-116.3371794,45.39461679
378,378,BRUSVEN/LAWRENCE,2015,IDAHO BORDER,5/19/15,DALMATIAN TOADFLAX,MECINUS JANTHINIFORMIS,14,0,118,0.5,44.5,0,5.5,16.5,7.5,24.5,,Complex,2,11,296,-117.0364702,46.43031596
379,379,BROWN,2007,CARIBOU,7/9/07,DALMATIAN TOADFLAX,MECINUS JANTHINIFORMIS,68,11,0,16,5.5,9,11,13,44.5,0,,Consociation,0,0,0,-111.9362357,42.74338045
380,380,MILAN,2013,COVE RANCH,5/20/13,DALMATIAN TOADFLAX,MECINUS JANTHINIFORMIS,22,9,39,8,21.5,1.5,0,46.5,22.5,0,https://gisdata.eddmaps.org:6443/arcgis/rest/services/simp/simp2019/MapServer/0/1400/attachments/759,Complex,45,5,1959,-114.1583343,43.41973463
381,381,"KASH KASH, NPBC",2017,COLD SPRINGS,5/25/17,DALMATIAN TOADFLAX,MECINUS JANTHINIFORMIS,28,1,34,2,9,19.5,35,14.5,13,6.5,,Complex,18,9,991,-116.5347778,46.27127778
382,382,MILAN,2011,LAKE CREEK DT,6/28/11,DALMATIAN TOADFLAX,MECINUS JANTHINIFORMIS,77,5,14,5,1.5,44,3.5,25.5,20.5,0,,Consociation,0,0,0,-114.3431045,43.76012489
383,383,"BRUSVEN, LAWRENCE",2014,IDAHO BORDER,5/18/14,DALMATIAN TOADFLAX,MECINUS JANTHINIFORMIS,0,0,53,0,31.5,0,4.5,29.5,15,20,,Complex,2,11,296,-117.0364702,46.43031596
384,384,"BRUSVEN, WATT",2011,MOYIE STORE,5/17/11,DALMATIAN TOADFLAX,MECINUS JANTHINIFORMIS,23,1,63,2.5,20.5,1,10,28.5,36.5,0.5,,Consociation,4,7,701,-116.1826917,48.73183457
385,385,MILAN,2015,BIG WOOD,6/2/15,DALMATIAN TOADFLAX,MECINUS JANTHINIFORMIS,51,2,21,4,7,3.5,1,10,75,0,https://gisdata.eddmaps.org:6443/arcgis/rest/services/simp/simp2019/MapServer/0/1452/attachments/2563,Consociation,0,0,0,-114.261258,43.46151349
386,386,MILAN,2009,WILDHORSE END,6/29/09,DALMATIAN TOADFLAX,MECINUS JANTHINIFORMIS,0,0,1,0,9.5,6,0,46.5,38,0,,Complex,35,10,865,-116.8343055,44.85129745
388,388,"STILLLMAN, MILAN",2013,HELISPOT,5/29/13,DALMATIAN TOADFLAX,MECINUS JANTHINIFORMIS,14,0,8,1,5,14.5,14,28,34,3.5,https://gisdata.eddmaps.org:6443/arcgis/rest/services/simp/simp2019/MapServer/0/1490/attachments/2409,Consociation,0,0,0,-115.5865238,44.07328759
389,389,BRUSVEN,2012,COLD SPRINGS,5/23/12,DALMATIAN TOADFLAX,MECINUS JANTHINIFORMIS,11,2,48,4,10.5,5.5,19.5,11.5,41,8,,Complex,18,9,991,-116.5347219,46.27138377
390,390,MILAN,2007,LAKE CREEK DT,7/11/07,DALMATIAN TOADFLAX,MECINUS JANTHINIFORMIS,82,2,6,3,0,34.5,13,28.5,22,0,,Consociation,0,0,0,-114.3431629,43.76015914
391,391,WINSTON,2010,SQUAW CREEK 01,6/7/10,DALMATIAN TOADFLAX,MECINUS JANTHINIFORMIS,121,2,0,10.5,42.5,13.5,0,11,22.5,0,,Consociation,2,9,404,-116.3456631,45.40840699
392,392,RANDALL,2011,HAYDEN,6/30/11,DALMATIAN TOADFLAX,MECINUS JANTHINIFORMIS,0,0,1,0,1,4.5,21.5,5.5,39.5,28.5,,Consociation,4,9,640,-116.9770353,47.75976573
393,393,MILAN,2010,HELISPOT,6/28/10,DALMATIAN TOADFLAX,MECINUS JANTHINIFORMIS,41,0,8,1.5,11,24.5,4.5,30.5,28,0,,Consociation,0,0,0,-115.5865449,44.07328654
394,394,"BRUSVEN, NPBC",2017,RICE CREEK DT,5/22/17,DALMATIAN TOADFLAX,MECINUS JANTHINIFORMIS,6,0,0,0.5,18,3.5,9,24,29.5,9.5,,Complex,65,10,1128,-116.4213611,45.89102778
395,395,WINSTON,2011,WHITEBIRD,6/2/11,DALMATIAN TOADFLAX,MECINUS JANTHINIFORMIS,0,0,0,0,0,0,0,0,0,0,,Complex,65,11,747,-116.301658,45.766548
397,397,CAROL RANDALL,2017,PORT HILL,5/26/17,DALMATIAN TOADFLAX,MECINUS JANTHINIFORMIS,27,0,11,0.5,3.5,9.5,17.5,26,28,16,https://gisdata.eddmaps.org:6443/arcgis/rest/services/simp/simp2019/MapServer/0/1559/attachments/833,Complex,20,7,853,-116.4905506,48.98932126
399,399,WINSTON,2011,CENTER CANYON 02,6/7/11,DALMATIAN TOADFLAX,MECINUS JANTHINIFORMIS,34,2,30,6.5,31,30.5,0,13.5,13,5.5,,Complex,65,7,991,-116.3773287,45.8765141
400,400,MILAN,2013,SLAUGHTERHOUSE DT,5/20/13,DALMATIAN TOADFLAX,MECINUS JANTHINIFORMIS,23,3,21,2.5,6,18,12,21,41,0,https://gisdata.eddmaps.org:6443/arcgis/rest/services/simp/simp2019/MapServer/0/1579/attachments/846,Complex,45,5,1917,-114.2464606,43.4746095
402,402,MILAN,2010,TEN AX,6/22/10,DALMATIAN TOADFLAX,MECINUS JANTHINIFORMIS,28,1,4,3,0,16,25.5,19,35.5,0,,Consociation,0,0,0,-115.3923454,44.11466999
403,403,BERTRAM,2011,HAMMER CREEK,7/18/11,DALMATIAN TOADFLAX,MECINUS JANTHINIFORMIS,100,13,15,12.5,4.5,4,7.5,21.5,50,0,,Consociation,0,0,0,-114.5340143,44.85718479
404,404,MILAN,2016,HUCKLEBERRY,6/7/16,DALMATIAN TOADFLAX,MECINUS JANTHINIFORMIS,14,0,69,1.5,6,14.5,3,40,32,3.5,https://gisdata.eddmaps.org:6443/arcgis/rest/services/simp/simp2019/MapServer/0/1618/attachments/2705,Consociation,0,0,0,-115.5681017,44.07286008
405,405,"STRAWN, GANG",2009,DOTY,6/2/09,DALMATIAN TOADFLAX,MECINUS JANTHINIFORMIS,35,6,15,5.5,11,3.5,3.5,54.5,20,0,,Consociation,0,0,0,-115.5578103,44.07702518
406,406,BLAINE SIBC,2013,STANTON CROSSING,6/17/13,DALMATIAN TOADFLAX,MECINUS JANTHINIFORMIS,13,0,19,2,2.5,2.5,1.5,14,77.5,0,https://gisdata.eddmaps.org:6443/arcgis/rest/services/simp/simp2019/MapServer/0/1626/attachments/873,Complex,1,6,1722,-114.3177704,43.32978539
407,407,HARMON/SCHILLER,2013,CENTER CANYON 03,7/11/13,DALMATIAN TOADFLAX,MECINUS JANTHINIFORMIS,0,0,0,0,32.5,33.5,1.5,24,9,0,,Complex,65,10,1128,-116.3646843,45.87454538
408,408,"HESS, LIND",2011,PATTERSON,6/15/11,DALMATIAN TOADFLAX,MECINUS JANTHINIFORMIS,0,0,0,0,27,7.5,2.5,40.5,22,1,,Consociation,0,0,0,-113.6765522,44.54651433
409,409,RANDALL,2009,HAYDEN,5/26/09,DALMATIAN TOADFLAX,MECINUS JANTHINIFORMIS,77,10,24,6,1,6.5,12,2.5,35.5,36.5,,Consociation,4,9,640,-116.9770353,47.75976573
410,410,"MILAN, REKOW",2007,HELISPOT,5/21/07,DALMATIAN TOADFLAX,MECINUS JANTHINIFORMIS,40,3,8,4,4.5,10,22,46,13.5,0,,Consociation,0,0,0,-115.5865537,44.07328915
412,412,"MILAN, REKOW",2007,TEN AX,5/21/07,DALMATIAN TOADFLAX,MECINUS JANTHINIFORMIS,40,10,3,10,0,2.5,21.5,12,54,0,,Consociation,0,0,0,-115.3923823,44.11469183
413,413,BLAINE SIBC,2013,BIG WOOD,6/16/13,DALMATIAN TOADFLAX,MECINUS JANTHINIFORMIS,52,1,16,2.5,14.5,3.5,1,0.5,79,0,https://gisdata.eddmaps.org:6443/arcgis/rest/services/simp/simp2019/MapServer/0/1671/attachments/896,Consociation,0,0,0,-114.2614382,43.46135574
414,414,WINSTON,2011,SLATE CREEK,6/7/11,DALMATIAN TOADFLAX,MECINUS JANTHINIFORMIS,10,0,105,1.5,36,11.5,4,12.5,24,10.5,,Complex,65,11,747,-116.2762187,45.63340217
415,415,BLAINE SIBC,2015,SLAUGHTERHOUSE DT,5/26/15,DALMATIAN TOADFLAX,MECINUS JANTHINIFORMIS,75,3,10,6,2,11,26.5,39,15.5,0,,Complex,45,5,1917,-114.2464606,43.4746095
416,416,MILAN,2011,COVE RANCH,6/28/11,DALMATIAN TOADFLAX,MECINUS JANTHINIFORMIS,48,9,17,14,20,2,0,35.5,28,0.5,,Complex,45,5,1959,-114.158393,43.41979912
417,417,MILAN,2008,BANNOCK,6/16/08,DALMATIAN TOADFLAX,MECINUS JANTHINIFORMIS,75,14,2,36.5,6.5,2.5,6.5,10,38,0,,Complex,35,6,1707,-112.1685309,42.6272115
419,419,RAGOTZKIE,2016,CARIBOU,5/17/16,DALMATIAN TOADFLAX,MECINUS JANTHINUS,0,0,19,0,20.5,4.5,31,11,32,1,https://gisdata.eddmaps.org:6443/arcgis/rest/services/simp/simp2019/MapServer/0/1719/attachments/920,Consociation,0,0,0,-111.9362259,42.74327311
420,420,CARROLL,2011,CARIBOU,6/20/11,DALMATIAN TOADFLAX,MECINUS JANTHINIFORMIS,58,14,3,14,23,12,14.5,9.5,26.5,1.5,,Consociation,0,0,0,-111.9362536,42.74338237
421,421,"BRUSVEN, NPBC",2016,COLD SPRINGS,6/5/16,DALMATIAN TOADFLAX,MECINUS JANTHINIFORMIS,59,0,59,2,6.5,16.5,22,19.5,23.5,7.5,,Complex,18,9,991,-116.5347219,46.27138377
422,422,MILAN,2009,WILDHORSE RIVER,6/29/09,DALMATIAN TOADFLAX,MECINUS JANTHINIFORMIS,15,4,0,3.5,1,1,0,75,13,6.5,,Consociation,0,0,0,-116.8105988,44.86393563
423,423,HANKS,2010,COLD SPRINGS,6/24/10,DALMATIAN TOADFLAX,MECINUS JANTHINIFORMIS,71,3,1,13,5,7,47,21.5,6.5,0,,Complex,18,9,991,-116.5347222,46.27138366
425,425,BRUSVEN,2008,COLD SPRINGS,6/2/08,DALMATIAN TOADFLAX,MECINUS JANTHINIFORMIS,55,4,0,5.5,3,5.5,41,22.5,22.5,0,,Complex,18,9,991,-116.5347219,46.27138377
426,426,RANDALL,2014,LONE MOUNTAIN,5/29/14,DALMATIAN TOADFLAX,MECINUS JANTHINIFORMIS,0,0,2,0,13.5,2,18.5,0.5,39,26.5,,Consociation,4,7,732,-116.8229797,47.91103506
427,427,BLAINE SIBC,2016,RICK BROWN,6/7/16,DALMATIAN TOADFLAX,MECINUS JANTHINIFORMIS,30,2,6,7.5,15,0,0,60,18.5,0,https://gisdata.eddmaps.org:6443/arcgis/rest/services/simp/simp2019/MapServer/0/1798/attachments/2641,Complex,1,6,1631,-114.2801803,43.3962194
428,428,RANDALL,2011,FARRAGUT STATE PARK DT,7/5/11,DALMATIAN TOADFLAX,MECINUS JANTHINIFORMIS,10,0,10,0.5,5.5,2,10,5.5,30,46.5,,Consociation,10,7,702,-116.6003839,47.96100165
429,429,RANDALL,2016,FARRAGUT STATE PARK DT,5/19/16,DALMATIAN TOADFLAX,MECINUS JANTHINIFORMIS,16,0,62,1,9,5,5,2.5,16,61.5,,Consociation,10,7,702,-116.6003839,47.96100165
430,430,BRUSVEN/LAWRENCE,2015,WHITEBIRD,5/19/15,DALMATIAN TOADFLAX,MECINUS JANTHINIFORMIS,31,3,28,6.5,13,0,4.5,15,18,44,,Complex,65,11,747,-116.3016601,45.76654785
431,431,CARROLL,2012,CARIBOU,6/12/12,DALMATIAN TOADFLAX,MECINUS JANTHINIFORMIS,46,11,30,13,5,12,22.5,13.5,37,0.5,,Consociation,0,0,0,-111.9362527,42.74336123
432,432,RAGATOZKIE,2014,CARIBOU,6/5/14,DALMATIAN TOADFLAX,MECINUS JANTHINIFORMIS,0,0,18,0.5,10,1.5,28.5,20,39.5,0,https://gisdata.eddmaps.org:6443/arcgis/rest/services/simp/simp2019/MapServer/0/1844/attachments/993,Consociation,0,0,0,-111.936238,42.74327365
433,433,MILAN,2014,TEN AX,6/2/14,DALMATIAN TOADFLAX,MECINUS JANTHINIFORMIS,0,0,0,0,0,10,13,11.5,63.5,3,https://gisdata.eddmaps.org:6443/arcgis/rest/services/simp/simp2019/MapServer/0/1859/attachments/2737,Consociation,0,0,0,-115.3923738,44.11469199
434,434,HARMON/SCHILLER,2013,CENTER CANYON 01,7/11/13,DALMATIAN TOADFLAX,MECINUS JANTHINIFORMIS,0,0,0,0,60,10,0,23.5,7.5,0,,Complex,65,7,991,-116.3867887,45.88103853
435,435,MILAN,2008,RICE CREEK DT,7/22/08,DALMATIAN TOADFLAX,MECINUS JANTHINIFORMIS,64,2,14,4.5,19.5,4,3.5,14.5,54.5,0,,Complex,65,10,1128,-116.4213118,45.89099657
436,436,WINSTON,2012,IDAHO BORDER,6/3/12,DALMATIAN TOADFLAX,MECINUS JANTHINIFORMIS,49,0,66,3,10.5,0,6.5,22.5,33.5,22.5,,Complex,2,11,296,-117.036471,46.43032
438,438,RANDALL,2010,HAYDEN,5/23/10,DALMATIAN TOADFLAX,MECINUS JANTHINIFORMIS,0,0,68,0,0,6.5,23,6.5,27,37,,Consociation,4,9,640,-116.9770298,47.75976386
439,439,MILAN,2017,HUCKLEBERRY,6/6/17,DALMATIAN TOADFLAX,MECINUS JANTHINIFORMIS,33,0,66,0.5,5,17,3.5,28.5,40.5,5,https://gisdata.eddmaps.org:6443/arcgis/rest/services/simp/simp2019/MapServer/0/1915/attachments/1040,Consociation,0,0,0,-115.5682874,44.07268336
440,440,"MILAN, REKOW",2007,HUCKLEBERRY,5/21/07,DALMATIAN TOADFLAX,MECINUS JANTHINIFORMIS,40,4,5,6.5,12.5,12,9,28,32,0,,Consociation,0,0,0,-115.5681398,44.07290015
441,441,CARROLL,2012,LAKE CREEK DT,6/26/12,DALMATIAN TOADFLAX,MECINUS JANTHINIFORMIS,54,7,24,7.5,0,33,4.5,39.5,15.5,0,,Consociation,0,0,0,-114.3430615,43.76010359
442,442,MILAN,2014,HELISPOT,6/2/14,DALMATIAN TOADFLAX,MECINUS JANTHINIFORMIS,28,0,15,1,4,19,15,29,31,1,https://gisdata.eddmaps.org:6443/arcgis/rest/services/simp/simp2019/MapServer/0/1942/attachments/2478,Consociation,0,0,0,-115.5865122,44.07325144
443,443,CARROLL,2010,BALDY PALISADES,6/22/10,DALMATIAN TOADFLAX,MECINUS JANTHINIFORMIS,40,6,24,5.5,12,45,0,26.5,11,0,,Complex,25,4,1905,-111.217956,43.4037083
444,444,WINSTON,2010,LYONS BAR 01,6/6/10,DALMATIAN TOADFLAX,MECINUS JANTHINIFORMIS,93,4,25,12.5,39,10,0,16.5,22,0,,Complex,65,10,694,-116.323667,45.771067
445,445,"SCHOTZKO, RANDALL",2008,HAYDEN,6/4/08,DALMATIAN TOADFLAX,MECINUS JANTHINIFORMIS,92,12,2,19.5,3,5.5,20.5,8,22.5,21,,Consociation,4,9,640,-116.9770295,47.75976364
446,446,RANDALL,2008,FARRAGUT STATE PARK DT,7/2/08,DALMATIAN TOADFLAX,MECINUS JANTHINIFORMIS,106,1,0,4.5,9,8,4,5,13,56.5,,Consociation,10,7,702,-116.6003838,47.96100017
447,447,MILAN,2011,TEN AX,6/29/11,DALMATIAN TOADFLAX,MECINUS JANTHINIFORMIS,0,0,0,0,0,7.5,30,7,55,0,,Consociation,0,0,0,-115.3923481,44.11471864
448,448,BLAINE BUG CREW,2017,RICK BROWN,6/13/17,DALMATIAN TOADFLAX,MECINUS JANTHINIFORMIS,24,8,0,7.5,4.5,0,0.5,39.5,48,0,https://gisdata.eddmaps.org:6443/arcgis/rest/services/simp/simp2019/MapServer/0/2025/attachments/1117,Complex,1,6,1631,-114.2799077,43.39619533
449,449,"DYLAN, PAUL, JACK",2010,MOYIE STORE,5/19/10,DALMATIAN TOADFLAX,MECINUS JANTHINIFORMIS,50,8,99,7.5,21.5,2,1.5,32,29.5,6,,Consociation,4,7,701,-116.18269,48.73183012
450,450,MILAN,2011,BIG WOOD,6/28/11,DALMATIAN TOADFLAX,MECINUS JANTHINIFORMIS,75,5,7,10,30,2,0,13.5,45,0,,Consociation,0,0,0,-114.2612234,43.46145863
451,451,WINSTON,2010,BLACKHAWK BAR,6/7/10,DALMATIAN TOADFLAX,MECINUS JANTHINIFORMIS,82,11,68,26,39.5,3,12.5,2,17,0,,Complex,65,10,694,-116.2973,45.624217
452,452,MILAN,2008,BIG WOOD,6/10/08,DALMATIAN TOADFLAX,MECINUS JANTHINIFORMIS,41,13,6,10.5,2.5,3.5,2,5,76.5,0,,Consociation,0,0,0,-114.2613662,43.4616297
453,453,WINSTON,2010,RICE CREEK DT,6/7/10,DALMATIAN TOADFLAX,MECINUS JANTHINIFORMIS,106,4,69,9.5,43,6,6.5,13,21,1,,Complex,65,10,1128,-116.421312,45.890997
454,454,"BRUSVEN, HANKS",2011,COLD SPRINGS,6/5/11,DALMATIAN TOADFLAX,MECINUS JANTHINIFORMIS,24,4,70,7,12.5,4.5,24.5,19.5,26,8,,Complex,18,9,991,-116.5347219,46.27138377
455,455,WINSTON,2011,LITTLE SALMON RIVER 01,6/7/11,DALMATIAN TOADFLAX,MECINUS JANTHINIFORMIS,13,1,19,2.5,18.5,18,2.5,3,22.5,33,,Consociation,22,10,732,-116.3559164,45.37208115
456,456,MILAN,2011,HUCKLEBERRY,6/29/11,DALMATIAN TOADFLAX,MECINUS JANTHINIFORMIS,25,1,10,1.5,4.5,28,8,24,29.5,2.5,,Consociation,0,0,0,-115.5681882,44.07289718
457,457,"BRUSVEN, NPBC",2017,WHITEBIRD,5/21/17,DALMATIAN TOADFLAX,MECINUS JANTHINIFORMIS,25,3,265,5.5,22.5,12.5,0.5,14,16.5,30.5,,Complex,65,11,747,-116.3015556,45.7665
458,458,HARMON/SCHILLER,2013,BLACKHAWK BAR,7/16/13,DALMATIAN TOADFLAX,MECINUS JANTHINIFORMIS,0,0,0,0,95.5,2,0,2.5,0,0,,Complex,65,10,694,-116.2972978,45.62421779
459,459,WINSTON,2011,SALMON RIVER HIGH SCHOOL UPPER FIELD,6/2/11,DALMATIAN TOADFLAX,MECINUS JANTHINIFORMIS,0,0,37,0,0,0,0,0,0,0,,Consociation,65,10,945,-116.320693,45.418914
460,460,MILAN,2010,LAKE CREEK DT,6/29/10,DALMATIAN TOADFLAX,MECINUS JANTHINIFORMIS,59,5,12,5.5,0,36,6,26,27.5,0,,Consociation,0,0,0,-114.3431817,43.76016229
461,461,RANDALL,2014,MOYIE STORE,5/20/14,DALMATIAN TOADFLAX,MECINUS JANTHINIFORMIS,0,0,58,0,15.5,6.5,13,28,27.5,9,,Consociation,4,7,701,-116.1826917,48.73183457
462,462,WINSTON,2011,RICE CREEK DT,6/7/11,DALMATIAN TOADFLAX,MECINUS JANTHINIFORMIS,103,8,106,14,37,1.5,10,8,22.5,7,,Complex,65,10,1128,-116.4213125,45.89099317
463,463,MILAN,2017,HELISPOT,6/6/17,DALMATIAN TOADFLAX,MECINUS JANTHINIFORMIS,0,1,3,1.5,4,26,7.5,29.5,28,3.5,https://gisdata.eddmaps.org:6443/arcgis/rest/services/simp/simp2019/MapServer/0/2165/attachments/2014,Consociation,0,0,0,-115.5865574,44.07334211
464,464,RANDALL,2013,PORT HILL,5/30/13,DALMATIAN TOADFLAX,MECINUS JANTHINIFORMIS,31,4,117,5,2,4,16.5,21,30,21,,Complex,20,7,853,-116.4903502,48.98928699
465,465,"MILAN, WRIGHT",2007,BIG WOOD,5/22/07,DALMATIAN TOADFLAX,MECINUS JANTHINIFORMIS,50,20,7,14.5,1,3,2,4.5,75,0,,Consociation,0,0,0,-114.2612789,43.46151215
466,466,WINSTON,2010,STEELHEAD INN,6/7/10,DALMATIAN TOADFLAX,MECINUS JANTHINIFORMIS,102,2,30,11,14.5,1.5,4,53.5,15.5,0,,Consociation,5,10,397,-116.270917,45.599833
467,467,BLAINE SIBC,2014,STANTON CROSSING,6/2/14,DALMATIAN TOADFLAX,MECINUS JANTHINIFORMIS,41,0,9,1.5,3,2,8,71.5,13,0,https://gisdata.eddmaps.org:6443/arcgis/rest/services/simp/simp2019/MapServer/0/2191/attachments/2443,Complex,1,6,1722,-114.3177986,43.32970502
468,468,BLAINE SIBC,2011,KIMBALL TOADFLAX,6/13/11,DALMATIAN TOADFLAX,MECINUS JANTHINIFORMIS,20,13,2,8,0,33,1.5,28,29.5,0,,Consociation,1,6,1662,-114.2551404,43.37788305
469,469,BLAINE BUG CREW,2017,SLAUGHTERHOUSE DT,6/8/17,DALMATIAN TOADFLAX,MECINUS JANTHINIFORMIS,93,2,28,6,10,28,13,36,9.5,0,https://gisdata.eddmaps.org:6443/arcgis/rest/services/simp/simp2019/MapServer/0/2203/attachments/2069,Consociation,2,6,1661,-114.250525,43.46851841
470,470,RANDALL,2011,IDAHO HILL TRANSFER,6/29/11,DALMATIAN TOADFLAX,MECINUS JANTHINIFORMIS,46,1,36,2,24,5.5,4,11.5,16.5,35.5,,Consociation,2,7,762,-117.038778,48.15478595
471,471,RANDALL,2008,PINE CREEK,7/2/08,DALMATIAN TOADFLAX,MECINUS JANTHINIFORMIS,50,3,17,5,0,16,5.5,55,16,2.5,,Consociation,50,8,985,-116.2253972,47.49791568
472,472,"STILLLMAN, MILAN",2013,TEN AX,5/29/13,DALMATIAN TOADFLAX,MECINUS JANTHINIFORMIS,0,0,0,0,2,7,10.5,12,61.5,7,https://gisdata.eddmaps.org:6443/arcgis/rest/services/simp/simp2019/MapServer/0/2214/attachments/2717,Consociation,0,0,0,-115.3923251,44.11464629
473,473,"STRAWN, GANG",2009,CARIBOU,6/1/09,DALMATIAN TOADFLAX,MECINUS JANTHINIFORMIS,72,10,2,5.5,6,8.5,4.5,32,41.5,1,,Consociation,0,0,0,-111.9362414,42.74338183
474,474,BLAINE SIBC,2016,SLAUGHTERHOUSE DT,6/5/16,DALMATIAN TOADFLAX,MECINUS JANTHINIFORMIS,26,4,13,8,18.5,14.5,7.5,35.5,16,0,https://gisdata.eddmaps.org:6443/arcgis/rest/services/simp/simp2019/MapServer/0/2219/attachments/2642,Complex,45,5,1917,-114.2464239,43.47459961
475,475,BLAINE SIBC,2014,RICK BROWN,5/28/14,DALMATIAN TOADFLAX,MECINUS JANTHINIFORMIS,83,2,0,5.5,14.5,1,16.5,47,12.5,0,https://gisdata.eddmaps.org:6443/arcgis/rest/services/simp/simp2019/MapServer/0/2260/attachments/2452,Complex,1,6,1631,-114.280168,43.3962191
476,476,RANDALL,2012,LONE MOUNTAIN,5/29/12,DALMATIAN TOADFLAX,MECINUS JANTHINIFORMIS,0,0,0,0,14,1.5,28,0.5,33.5,22.5,,Consociation,4,7,732,-116.8229797,47.91103506
477,477,BRUSVEN,2014,RICE CREEK DT,5/27/14,DALMATIAN TOADFLAX,MECINUS JANTHINIFORMIS,0,0,40,0,22.5,2,4,42.5,23.5,5.5,,Complex,65,10,1128,-116.4213125,45.89099317
478,478,MILAN,2008,HUCKLEBERRY,5/26/08,DALMATIAN TOADFLAX,MECINUS JANTHINIFORMIS,18,7,19,5.5,1.5,18.5,17.5,24.5,32.5,0,,Consociation,0,0,0,-115.5681601,44.07290293
479,479,EVANS,2011,PINE CREEK,7/5/11,DALMATIAN TOADFLAX,MECINUS JANTHINIFORMIS,40,1,47,3,1.5,32,6,32,20,5.5,,Consociation,50,8,985,-116.2253992,47.49791712
480,480,BLAINE SIBC,2016,STANTON CROSSING,6/6/16,DALMATIAN TOADFLAX,MECINUS JANTHINIFORMIS,0,0,5,0.5,8,6,9.5,55,11,0,https://gisdata.eddmaps.org:6443/arcgis/rest/services/simp/simp2019/MapServer/0/2321/attachments/2686,Complex,1,6,1722,-114.31771,43.32975696
481,481,RANDALL,2012,FARRAGUT STATE PARK DT,6/6/12,DALMATIAN TOADFLAX,MECINUS JANTHINIFORMIS,49,1,7,2.5,4,3,18.5,2,22.5,47.5,,Consociation,10,7,702,-116.6003839,47.96100165
482,482,MILAN,2015,TEN AX,6/7/15,DALMATIAN TOADFLAX,MECINUS JANTHINIFORMIS,0,0,1,0,0,11.5,13.5,11.5,54,9.5,https://gisdata.eddmaps.org:6443/arcgis/rest/services/simp/simp2019/MapServer/0/2332/attachments/2760,Consociation,0,0,0,-115.3923606,44.11471882
483,483,MILAN,2011,DOTY,6/29/11,DALMATIAN TOADFLAX,MECINUS JANTHINIFORMIS,78,4,21,9.5,8,23.5,8.5,16,33.5,0,,Consociation,0,0,0,-115.5578232,44.07700734
484,484,WINSTON,2012,SALMON RIVER MOTEL,6/2/12,DALMATIAN TOADFLAX,MECINUS JANTHINIFORMIS,0,0,2,0,22,1.5,2,19,54.5,1,,Consociation,5,12,374,-116.3221235,45.4154119
485,485,WINSTON,2009,CENTER CANYON 02,6/6/09,DALMATIAN TOADFLAX,MECINUS JANTHINIFORMIS,116,4,3,14.5,29.5,17.5,0,14.5,23.5,0.5,,Complex,65,7,991,-116.3773295,45.8765096
486,486,RANDALL,2016,IDAHO HILL TRANSFER,5/19/16,DALMATIAN TOADFLAX,MECINUS JANTHINIFORMIS,44,3,54,3.5,17.5,5,5,16,17.5,35.5,,Consociation,2,7,762,-117.038778,48.15478595
487,487,MILAN,2015,CUPRUM DT,5/20/15,DALMATIAN TOADFLAX,MECINUS JANTHINIFORMIS,10,0,47,2,5,14.5,16.5,36,24,2,,Consociation,0,0,0,-116.7438235,45.07006771
489,489,RANDALL,2007,LONE MOUNTAIN,6/14/07,DALMATIAN TOADFLAX,MECINUS JANTHINIFORMIS,37,3,0,8,42.5,3,13,11.5,22,0,,Consociation,4,7,732,-116.8229858,47.91103376
490,490,WINSTON,2012,STEELHEAD INN,6/2/12,DALMATIAN TOADFLAX,MECINUS JANTHINIFORMIS,51,1,147,4.5,35.5,11.5,3,24,17,4.5,,Consociation,5,10,397,-116.270917,45.599833
491,491,MILAN,2015,LAKE CREEK DT,6/10/15,DALMATIAN TOADFLAX,MECINUS JANTHINIFORMIS,70,8,24,7,0,45.5,2,31,14.5,0,https://gisdata.eddmaps.org:6443/arcgis/rest/services/simp/simp2019/MapServer/0/2441/attachments/2761,Consociation,0,0,0,-114.3431057,43.76009791
492,492,CAROL RANDALL,2017,LONE MOUNTAIN,6/2/17,DALMATIAN TOADFLAX,MECINUS JANTHINIFORMIS,0,0,1,0,25.5,8,15.5,5.5,21.5,24,https://gisdata.eddmaps.org:6443/arcgis/rest/services/simp/simp2019/MapServer/0/2445/attachments/2235,Consociation,4,7,732,-116.8229875,47.911117
494,494,RANDALL,2009,LONE MOUNTAIN,5/26/09,DALMATIAN TOADFLAX,MECINUS JANTHINIFORMIS,15,1,7,2,33.5,2.5,6.5,4.5,33.5,17.5,,Consociation,4,7,732,-116.8229797,47.91103506
495,495,BLAINE SIBC,2015,BIG WOOD,5/26/15,DALMATIAN TOADFLAX,MECINUS JANTHINIFORMIS,45,2,7,2.5,2.5,1,17,7,69.5,0,,Consociation,0,0,0,-114.2611823,43.46154769
496,496,BLAINE SIBC,2012,BIG WOOD,6/13/12,DALMATIAN TOADFLAX,MECINUS JANTHINIFORMIS,66,3,28,5.5,11.5,3.5,1,10,68.5,0,https://gisdata.eddmaps.org:6443/arcgis/rest/services/simp/simp2019/MapServer/0/2518/attachments/2049,Consociation,0,0,0,-114.2611642,43.46169883
498,498,WINSTON,2009,CENTER CANYON 03,6/5/09,DALMATIAN TOADFLAX,MECINUS JANTHINIFORMIS,118,3,6,9.5,25.5,27,4,12.5,17.5,4,,Complex,65,10,1128,-116.3646785,45.87454985
499,499,RANDALL,2014,HAYDEN,5/29/14,DALMATIAN TOADFLAX,MECINUS JANTHINIFORMIS,15,0,35,1,31,3,5,0.5,17.5,43,,Consociation,4,9,640,-116.9770353,47.75976573
500,500,WINSTON,2010,LITTLE SALMON RIVER 01,6/7/10,DALMATIAN TOADFLAX,MECINUS JANTHINIFORMIS,91,2,36,7.5,14,21.5,3.5,7,17.5,29,,Consociation,22,10,732,-116.3559199,45.37208279
501,501,WINSTON,2009,LITTLE SALMON RIVER 01,6/5/09,DALMATIAN TOADFLAX,MECINUS JANTHINIFORMIS,81,2,0,7,8,13.5,5,10,10.5,46,,Consociation,22,10,732,-116.3559199,45.37208279
502,502,BRUSVEN,2013,MOYIE STORE,5/31/13,DALMATIAN TOADFLAX,MECINUS JANTHINIFORMIS,27,0,21,0.5,20.5,2,9,18.5,47,2.5,,Consociation,4,7,701,-116.18269,48.73183012
504,504,EVANS,2015,PINE CREEK,6/4/15,DALMATIAN TOADFLAX,MECINUS JANTHINIFORMIS,20,0,38,0.5,9,6.5,12,27.5,44.5,0,,Consociation,50,8,985,-116.2257045,47.49791918
505,505,MILAN,2014,LAKE CREEK DT,6/8/14,DALMATIAN TOADFLAX,MECINUS JANTHINIFORMIS,41,5,42,6,0,38.5,4,33,18.5,0,https://gisdata.eddmaps.org:6443/arcgis/rest/services/simp/simp2019/MapServer/0/2607/attachments/2728,Consociation,0,0,0,-114.3431037,43.76014288
506,506,RANDALL,2014,FARRAGUT STATE PARK DT,5/22/14,DALMATIAN TOADFLAX,MECINUS JANTHINIFORMIS,20,1,48,2,7,14.5,15,3.5,16,42,,Consociation,10,7,702,-116.6003839,47.96100165
507,507,WINSTON,2012,RICE CREEK DT,6/3/12,DALMATIAN TOADFLAX,MECINUS JANTHINIFORMIS,6,0,54,0.5,31,2,9,14.5,41,2,,Complex,65,10,1128,-116.421312,45.890997
508,508,RANDALL,2012,PORT HILL,6/10/12,DALMATIAN TOADFLAX,MECINUS JANTHINIFORMIS,35,2,85,2.5,0,3,18,27.5,29.5,20,,Complex,20,7,853,-116.4903365,48.98928693
510,510,HARMON/SCHILLER,2013,SALMON RIVER HIGH SCHOOL UPPER FIELD,7/16/13,DALMATIAN TOADFLAX,MECINUS JANTHINIFORMIS,85,0,0,6,22.5,4,4.5,55,5.5,0,https://gisdata.eddmaps.org:6443/arcgis/rest/services/simp/simp2019/MapServer/0/2630/attachments/2729,Consociation,65,10,945,-116.3206827,45.41890887
511,511,WINSTON,2012,RIGGINS 01,6/2/12,DALMATIAN TOADFLAX,MECINUS JANTHINIFORMIS,27,0,24,1.5,20,6,24.5,4.5,30,13.5,,Consociation,65,8,1204,-116.3192899,45.43346513
512,512,BRUSVEN,2009,COLD SPRINGS,6/1/09,DALMATIAN TOADFLAX,MECINUS JANTHINIFORMIS,102,7,6,9,4.5,5.5,23,22.5,30.5,5.5,,Complex,18,9,991,-116.5347219,46.27138377
513,513,"STRAWN, GANG",2009,TEN AX,6/2/09,DALMATIAN TOADFLAX,MECINUS JANTHINIFORMIS,25,4,29,3.5,0,6,12,30.5,45,0,,Consociation,0,0,0,-115.3923856,44.11471917
514,514,HARMON/SCHILLER,2013,RICE CREEK DT,7/11/13,DALMATIAN TOADFLAX,MECINUS JANTHINIFORMIS,0,0,0,0,37.5,1,6.5,47.5,7.5,0,,Complex,65,10,1128,-116.4213125,45.89099317
515,515,"BRUSVEN, NPBC",2016,WHITEBIRD,5/24/16,DALMATIAN TOADFLAX,MECINUS JANTHINIFORMIS,99,5,134,12,14,0,0,13.5,19.5,41.5,,Complex,65,11,747,-116.3016601,45.76654785
516,516,DOUG EVANS ERIK BAILY,2017,PINE CREEK,7/9/17,DALMATIAN TOADFLAX,MECINUS JANTHINIFORMIS,20,1,56,2,6.5,21.5,30,11,22.5,6.5,,Complex,15,7,936,-116.2253978,47.49791505
517,517,BROWN,2007,BANNOCK,7/8/07,DALMATIAN TOADFLAX,MECINUS JANTHINIFORMIS,91,13,0,30.5,4,1,17,9,38.5,0,,Complex,35,6,1707,-112.1685588,42.62724143
518,518,CAROL RANDALL,2017,HAYDEN,5/19/17,DALMATIAN TOADFLAX,MECINUS JANTHINIFORMIS,36,0,0,0.5,24.5,9.5,9,11,16.5,29,https://gisdata.eddmaps.org:6443/arcgis/rest/services/simp/simp2019/MapServer/0/2718/attachments/2130,Consociation,4,9,640,-116.9767161,47.75950307
519,519,WINSTON,2010,SLATE CREEK,6/7/10,DALMATIAN TOADFLAX,MECINUS JANTHINIFORMIS,32,2,97,7,29,11,1.5,23,23.5,5,,Complex,65,11,747,-116.276217,45.6334
520,520,EVANS,2010,PINE CREEK,5/26/10,DALMATIAN TOADFLAX,MECINUS JANTHINIFORMIS,25,1,37,1.5,1.5,36,4,29,24.5,4,,Consociation,50,8,985,-116.2253978,47.49791505
521,521,WINSTON,2011,IDAHO BORDER,6/3/11,DALMATIAN TOADFLAX,MECINUS JANTHINIFORMIS,49,0,66,3,10.5,0,6.5,22.5,33.5,22.5,,Complex,2,11,296,-117.036471,46.43032
522,522,MILAN,2011,HELISPOT,6/29/11,DALMATIAN TOADFLAX,MECINUS JANTHINIFORMIS,25,0,4,1,5,25,7.5,29,32.5,0,,Consociation,0,0,0,-115.5865486,44.0732969
523,523,RANDALL,2016,HAYDEN,5/19/16,DALMATIAN TOADFLAX,MECINUS JANTHINIFORMIS,20,0,38,0.5,21.5,5.5,6,10,17,39.5,,Consociation,4,9,640,-116.9770353,47.75976573
524,524,MILAN,2015,HELISPOT,6/7/15,DALMATIAN TOADFLAX,MECINUS JANTHINIFORMIS,83,1,11,3,2.5,34.5,6.5,29.5,25,0,https://gisdata.eddmaps.org:6443/arcgis/rest/services/simp/simp2019/MapServer/0/2767/attachments/2565,Consociation,0,0,0,-115.5865501,44.0732339